Id,IsDeleted,MasterRecordId,Name,Type,ParentId,BillingStreet,BillingCity,BillingState,BillingPostalCode,BillingCountry,BillingLatitude,BillingLongitude,BillingGeocodeAccuracy,BillingAddress,ShippingStreet,ShippingCity,ShippingState,ShippingPostalCode,ShippingCountry,ShippingLatitude,ShippingLongitude,ShippingGeocodeAccuracy,ShippingAddress,Phone,Fax,AccountNumber,Website,PhotoUrl,Sic,Industry,AnnualRevenue,NumberOfEmployees,Ownership,TickerSymbol,Description,Rating,Site,OwnerId,CreatedDate,CreatedById,LastModifiedDate,LastModifiedById,SystemModstamp,LastActivityDate,LastViewedDate,LastReferencedDate,Jigsaw,JigsawCompanyId,CleanStatus,AccountSource,DunsNumber,Tradestyle,NaicsCode,NaicsDesc,YearStarted,SicDesc,DandbCompanyId,OperatingHoursId
0017200000b7tVZAAY,,,Sample Account for Entitlements,,,,,,,,,,,,,,,,,,,,,,,,,/services/images/photo/0017200000b7tVZAAY,,,,,,,,,,00572000008d76gAAA,2025-02-20T02:53:25.000+0000,00572000008d76gAAA,2025-02-20T02:53:25.000+0000,00572000008d76gAAA,2025-02-20T02:53:25.000+0000,,,,,,Pending,,,,,,,,,
0017200000biNYLAA2,,,Sample Account for Entitlements,,,,,,,,,,,,,,,,,,,,,,,,,/services/images/photo/0017200000biNYLAA2,,,,,,,,,,00572000008d2X9AAI,2025-04-17T02:07:28.000+0000,00572000008d2X9AAI,2025-04-17T02:07:28.000+0000,00572000008d2X9AAI,2025-04-17T02:07:28.000+0000,,2025-04-17T02:07:28.000+0000,2025-04-17T02:07:28.000+0000,,,Pending,,,,,,,,,
0017200000biNYMAA2,,,株式会社ドルフィン事務器,お客様候補,,東中野２－６－１１,中野区,東京都,164-0003,JP,,,,"{""city"":""中野区"",""country"":""JP"",""geocodeAccuracy"":null,""latitude"":null,""longitude"":null,""postalCode"":""164-0003"",""state"":""東京都"",""street"":""東中野２－６－１１""}",,,,,,,,,,03-1234-5006,03-5793-8302,A-127617,dolphin-jimuki.example.com,/services/images/photo/0017200000biNYMAA2,,流通&小売,45113000000,522,未上場,,"【事業内容】
写真用、医療用、食用各種ゼラチンの製造販売。製本包装用、衛材用、ラベル用その他各種タイプの接着剤、ゲル化剤、安定剤、調味料等の食品材料、生化学、バイオマテリアル用コラーゲンの製造・販売。
2003年6月6日付で環境マネジメントシステムの国際規格である「ISO14001」の認証を、財団法人日本品質保証機構（JQA）より取得",見込みなし,本社,00572000008d2X9AAI,2025-04-17T02:07:28.000+0000,00572000008d2X9AAI,2025-04-17T02:07:28.000+0000,00572000008d2X9AAI,2025-04-17T02:07:28.000+0000,,2025-04-17T02:07:28.000+0000,2025-04-17T02:07:28.000+0000,,,Pending,,,,,,,,,
0017200000biNYNAA2,,,株式会社バーグ,お客様候補,,東池袋３－１－１,豊島区,東京都,170-6072,JP,,,,"{""city"":""豊島区"",""country"":""JP"",""geocodeAccuracy"":null,""latitude"":null,""longitude"":null,""postalCode"":""170-6072"",""state"":""東京都"",""street"":""東池袋３－１－１""}",,,,,,,,,,03-1234-5008,03-5793-8302,A-127587,burg.example.com,/services/images/photo/0017200000biNYNAA2,,流通&小売,62790000000,141,未上場,,"【事業内容】
写真用、医療用、食用各種ゼラチンの製造販売。製本包装用、衛材用、ラベル用その他各種タイプの接着剤、ゲル化剤、安定剤、調味料等の食品材料、生化学、バイオマテリアル用コラーゲンの製造・販売。
2003年6月6日付で環境マネジメントシステムの国際規格である「ISO14001」の認証を、財団法人日本品質保証機構（JQA）より取得",見込みなし,本社,00572000008d2X9AAI,2025-04-17T02:07:28.000+0000,00572000008d2X9AAI,2025-04-17T02:07:28.000+0000,00572000008d2X9AAI,2025-04-17T02:07:28.000+0000,,2025-04-17T02:07:28.000+0000,2025-04-17T02:07:28.000+0000,,,Pending,,,,,,,,,
0017200000biNYOAA2,,,平成金属商事株式会社,お客様,,八丁堀２－９－１,中央区,東京都,104-0032,JP,,,,"{""city"":""中央区"",""country"":""JP"",""geocodeAccuracy"":null,""latitude"":null,""longitude"":null,""postalCode"":""104-0032"",""state"":""東京都"",""street"":""八丁堀２－９－１""}",,,,,,,,,,03-1234-5010,03-5793-8302,A-127594,heisei-kinzoku.example.com,/services/images/photo/0017200000biNYOAA2,,鉄鋼・金属卸売,58382000000,239,上場,,"【事業内容】
写真用、医療用、食用各種ゼラチンの製造販売。製本包装用、衛材用、ラベル用その他各種タイプの接着剤、ゲル化剤、安定剤、調味料等の食品材料、生化学、バイオマテリアル用コラーゲンの製造・販売。
2003年6月6日付で環境マネジメントシステムの国際規格である「ISO14001」の認証を、財団法人日本品質保証機構（JQA）より取得",将来見込み有り,本社,00572000008d2X9AAI,2025-04-17T02:07:28.000+0000,00572000008d2X9AAI,2025-04-17T02:07:28.000+0000,00572000008d2X9AAI,2025-04-17T02:07:28.000+0000,,2025-04-17T02:07:28.000+0000,2025-04-17T02:07:28.000+0000,,,Pending,,,,,,,,,
0017200000biNYPAA2,,,伊達事務機器株式会社,お客様,,虎ノ門２－３－１７,港区,東京都,105-0001,JP,,,,"{""city"":""港区"",""country"":""JP"",""geocodeAccuracy"":null,""latitude"":null,""longitude"":null,""postalCode"":""105-0001"",""state"":""東京都"",""street"":""虎ノ門２－３－１７""}",,,,,,,,,,03-1234-5011,03-5793-8302,A-127601,date-jimukiki.example.com,/services/images/photo/0017200000biNYPAA2,,不動産,53687000000,200,上場,,"【事業内容】
写真用、医療用、食用各種ゼラチンの製造販売。製本包装用、衛材用、ラベル用その他各種タイプの接着剤、ゲル化剤、安定剤、調味料等の食品材料、生化学、バイオマテリアル用コラーゲンの製造・販売。
2003年6月6日付で環境マネジメントシステムの国際規格である「ISO14001」の認証を、財団法人日本品質保証機構（JQA）より取得",見込み有り,本社,00572000008d2X9AAI,2025-04-17T02:07:28.000+0000,00572000008d2X9AAI,2025-04-17T02:07:28.000+0000,00572000008d2X9AAI,2025-04-17T02:07:28.000+0000,,2025-04-17T02:07:28.000+0000,2025-04-17T02:07:28.000+0000,,,Pending,,,,,,,,,
0017200000biNYQAA2,,,帝国物産株式会社,旧お客様,,元赤坂１－６－４,港区,東京都,107-0051,JP,,,,"{""city"":""港区"",""country"":""JP"",""geocodeAccuracy"":null,""latitude"":null,""longitude"":null,""postalCode"":""107-0051"",""state"":""東京都"",""street"":""元赤坂１－６－４""}",,,,,,,,,,03-1234-5012,03-5793-8302,A-127521,teikoku-bussan.example.com,/services/images/photo/0017200000biNYQAA2,,流通&小売,248823000000,293,未上場,,"【事業内容】
写真用、医療用、食用各種ゼラチンの製造販売。製本包装用、衛材用、ラベル用その他各種タイプの接着剤、ゲル化剤、安定剤、調味料等の食品材料、生化学、バイオマテリアル用コラーゲンの製造・販売。
2003年6月6日付で環境マネジメントシステムの国際規格である「ISO14001」の認証を、財団法人日本品質保証機構（JQA）より取得",見込みなし,本社,00572000008d2X9AAI,2025-04-17T02:07:28.000+0000,00572000008d2X9AAI,2025-04-17T02:07:28.000+0000,00572000008d2X9AAI,2025-04-17T02:07:28.000+0000,,2025-04-17T02:07:28.000+0000,2025-04-17T02:07:28.000+0000,,,Pending,,,,,,,,,
0017200000biNYRAA2,,,株式会社大木データ,お客様候補,,芝浦４－１１－２２,港区,東京都,108-8551,JP,,,,"{""city"":""港区"",""country"":""JP"",""geocodeAccuracy"":null,""latitude"":null,""longitude"":null,""postalCode"":""108-8551"",""state"":""東京都"",""street"":""芝浦４－１１－２２""}",,,,,,,,,,03-1234-5013,03-5793-8302,A-127567,ooki-data.example.com,/services/images/photo/0017200000biNYRAA2,,製造,76458000000,690,上場,,"【事業内容】
写真用、医療用、食用各種ゼラチンの製造販売。製本包装用、衛材用、ラベル用その他各種タイプの接着剤、ゲル化剤、安定剤、調味料等の食品材料、生化学、バイオマテリアル用コラーゲンの製造・販売。
2003年6月6日付で環境マネジメントシステムの国際規格である「ISO14001」の認証を、財団法人日本品質保証機構（JQA）より取得",見込みあり：高,本社,00572000008d2X9AAI,2025-04-17T02:07:28.000+0000,00572000008d2X9AAI,2025-04-17T02:07:28.000+0000,00572000008d2X9AAI,2025-04-17T02:07:28.000+0000,,2025-04-17T02:07:28.000+0000,2025-04-17T02:07:28.000+0000,,,Pending,,,,,,,,,
0017200000biNYSAA2,,,株式会社あさひかわ証券,お客様,,京橋２－２－８,中央区,東京都,104-8302,JP,,,,"{""city"":""中央区"",""country"":""JP"",""geocodeAccuracy"":null,""latitude"":null,""longitude"":null,""postalCode"":""104-8302"",""state"":""東京都"",""street"":""京橋２－２－８""}",,,,,,,,,,03-1234-5014,03-5793-8302,A-127512,asahikawa-sec.example.com,/services/images/photo/0017200000biNYSAA2,,金融,461285000000,1863,未上場,,"【事業内容】
写真用、医療用、食用各種ゼラチンの製造販売。製本包装用、衛材用、ラベル用その他各種タイプの接着剤、ゲル化剤、安定剤、調味料等の食品材料、生化学、バイオマテリアル用コラーゲンの製造・販売。
2003年6月6日付で環境マネジメントシステムの国際規格である「ISO14001」の認証を、財団法人日本品質保証機構（JQA）より取得",見込み無し,本社,00572000008d2X9AAI,2025-04-17T02:07:28.000+0000,00572000008d2X9AAI,2025-04-17T02:07:28.000+0000,00572000008d2X9AAI,2025-04-17T02:07:28.000+0000,,2025-04-17T02:07:28.000+0000,2025-04-17T02:07:28.000+0000,,,Pending,,,,,,,,,
0017200000biNYTAA2,,,アヒューマンドットコム株式会社,パートナー,,東新橋１－５－２,港区,東京都,105-7109,JP,,,,"{""city"":""港区"",""country"":""JP"",""geocodeAccuracy"":null,""latitude"":null,""longitude"":null,""postalCode"":""105-7109"",""state"":""東京都"",""street"":""東新橋１－５－２""}",,,,,,,,,,03-1234-5015,03-5793-8302,A-127545,ahuman-com.example.com,/services/images/photo/0017200000biNYTAA2,,流通&小売,124275900000,620,未上場,,"【事業内容】
写真用、医療用、食用各種ゼラチンの製造販売。製本包装用、衛材用、ラベル用その他各種タイプの接着剤、ゲル化剤、安定剤、調味料等の食品材料、生化学、バイオマテリアル用コラーゲンの製造・販売。
2003年6月6日付で環境マネジメントシステムの国際規格である「ISO14001」の認証を、財団法人日本品質保証機構（JQA）より取得",見込みあり：高,本社,00572000008d2X9AAI,2025-04-17T02:07:28.000+0000,00572000008d2X9AAI,2025-04-17T02:07:28.000+0000,00572000008d2X9AAI,2025-04-17T02:07:28.000+0000,,2025-04-17T02:07:28.000+0000,2025-04-17T02:07:28.000+0000,,,Pending,,,,,,,,,
0017200000biNYUAA2,,,西山コーセン株式会社,お客様候補,,四番町４－２,千代田区,東京都,102-8362,JP,,,,"{""city"":""千代田区"",""country"":""JP"",""geocodeAccuracy"":null,""latitude"":null,""longitude"":null,""postalCode"":""102-8362"",""state"":""東京都"",""street"":""四番町４－２""}",,,,,,,,,,03-1234-5016,03-5793-8302,A-127559,nishiyama-kosen.example.com,/services/images/photo/0017200000biNYUAA2,,流通&小売,85380000000,132,上場,,"【事業内容】
写真用、医療用、食用各種ゼラチンの製造販売。製本包装用、衛材用、ラベル用その他各種タイプの接着剤、ゲル化剤、安定剤、調味料等の食品材料、生化学、バイオマテリアル用コラーゲンの製造・販売。
2003年6月6日付で環境マネジメントシステムの国際規格である「ISO14001」の認証を、財団法人日本品質保証機構（JQA）より取得",見込みあり：中,本社,00572000008d2X9AAI,2025-04-17T02:07:28.000+0000,00572000008d2X9AAI,2025-04-17T02:07:28.000+0000,00572000008d2X9AAI,2025-04-17T02:07:28.000+0000,,2025-04-17T02:07:28.000+0000,2025-04-17T02:07:28.000+0000,,,Pending,,,,,,,,,
0017200000biNYVAA2,,,株式会社安曇野,旧お客様,,西原１－１－１,朝霞市,埼玉県,351-0034,JP,,,,"{""city"":""朝霞市"",""country"":""JP"",""geocodeAccuracy"":null,""latitude"":null,""longitude"":null,""postalCode"":""351-0034"",""state"":""埼玉県"",""street"":""西原１－１－１""}",,,,,,,,,,03-1234-5017,03-5793-8302,A-127581,azumino.example.com,/services/images/photo/0017200000biNYVAA2,,食品,75131800000,650,未上場,,"【事業内容】
写真用、医療用、食用各種ゼラチンの製造販売。製本包装用、衛材用、ラベル用その他各種タイプの接着剤、ゲル化剤、安定剤、調味料等の食品材料、生化学、バイオマテリアル用コラーゲンの製造・販売。
2003年6月6日付で環境マネジメントシステムの国際規格である「ISO14001」の認証を、財団法人日本品質保証機構（JQA）より取得",見込みなし,本社,00572000008d2X9AAI,2025-04-17T02:07:28.000+0000,00572000008d2X9AAI,2025-04-17T02:07:28.000+0000,00572000008d2X9AAI,2025-04-17T02:07:28.000+0000,,2025-04-17T02:07:28.000+0000,2025-04-17T02:07:28.000+0000,,,Pending,,,,,,,,,
0017200000biNYWAA2,,,京輪不動産株式会社,お客様,,西麻布４－１２－２４,港区,東京都,106-8685,JP,,,,"{""city"":""港区"",""country"":""JP"",""geocodeAccuracy"":null,""latitude"":null,""longitude"":null,""postalCode"":""106-8685"",""state"":""東京都"",""street"":""西麻布４－１２－２４""}",,,,,,,,,,03-1234-5018,03-5793-8302,A-127598,keirin-real-estate.example.com,/services/images/photo/0017200000biNYWAA2,,不動産,56680000000,249,上場,,"【事業内容】
写真用、医療用、食用各種ゼラチンの製造販売。製本包装用、衛材用、ラベル用その他各種タイプの接着剤、ゲル化剤、安定剤、調味料等の食品材料、生化学、バイオマテリアル用コラーゲンの製造・販売。
2003年6月6日付で環境マネジメントシステムの国際規格である「ISO14001」の認証を、財団法人日本品質保証機構（JQA）より取得",将来見込み有り,本社,00572000008d2X9AAI,2025-04-17T02:07:28.000+0000,00572000008d2X9AAI,2025-04-17T02:07:28.000+0000,00572000008d2X9AAI,2025-04-17T02:07:28.000+0000,,2025-04-17T02:07:28.000+0000,2025-04-17T02:07:28.000+0000,,,Pending,,,,,,,,,
0017200000biNYXAA2,,,大日本ワイズ株式会社,お客様候補,,岩本町１−１−１,千代田区,東京都,104-0031,JP,,,,"{""city"":""千代田区"",""country"":""JP"",""geocodeAccuracy"":null,""latitude"":null,""longitude"":null,""postalCode"":""104-0031"",""state"":""東京都"",""street"":""岩本町１−１−１""}",,,,,,,,,,03-1234-5019,03-5793-8302,A-127612,dainihon-wise.example.com,/services/images/photo/0017200000biNYXAA2,,医薬品,57112450000,1313,上場,,"【事業内容】
写真用、医療用、食用各種ゼラチンの製造販売。製本包装用、衛材用、ラベル用その他各種タイプの接着剤、ゲル化剤、安定剤、調味料等の食品材料、生化学、バイオマテリアル用コラーゲンの製造・販売。
2003年6月6日付で環境マネジメントシステムの国際規格である「ISO14001」の認証を、財団法人日本品質保証機構（JQA）より取得",見込みあり：高,本社,00572000008d2X9AAI,2025-04-17T02:07:28.000+0000,00572000008d2X9AAI,2025-04-17T02:07:28.000+0000,00572000008d2X9AAI,2025-04-17T02:07:28.000+0000,,2025-04-17T02:07:28.000+0000,2025-04-17T02:07:28.000+0000,,,Pending,,,,,,,,,
0017200000biNYYAA2,,,株式会社北陣,お客様,,平河町１－４－３,千代田区,東京都,102-0093,JP,,,,"{""city"":""千代田区"",""country"":""JP"",""geocodeAccuracy"":null,""latitude"":null,""longitude"":null,""postalCode"":""102-0093"",""state"":""東京都"",""street"":""平河町１－４－３""}",,,,,,,,,,03-1234-5020,03-5793-8302,A-127628,hokujin.example.com,/services/images/photo/0017200000biNYYAA2,,精密・機械卸売,42246000000,104,上場,,"【事業内容】
写真用、医療用、食用各種ゼラチンの製造販売。製本包装用、衛材用、ラベル用その他各種タイプの接着剤、ゲル化剤、安定剤、調味料等の食品材料、生化学、バイオマテリアル用コラーゲンの製造・販売。
2003年6月6日付で環境マネジメントシステムの国際規格である「ISO14001」の認証を、財団法人日本品質保証機構（JQA）より取得",見込み有り,本社,00572000008d2X9AAI,2025-04-17T02:07:28.000+0000,00572000008d2X9AAI,2025-04-17T02:07:28.000+0000,00572000008d2X9AAI,2025-04-17T02:07:28.000+0000,,2025-04-17T02:07:28.000+0000,2025-04-17T02:07:28.000+0000,,,Pending,,,,,,,,,
0017200000biNYZAA2,,,昭和カップ株式会社,お客様,,日本橋小網町１４－１,中央区,東京都,103-0016,JP,,,,"{""city"":""中央区"",""country"":""JP"",""geocodeAccuracy"":null,""latitude"":null,""longitude"":null,""postalCode"":""103-0016"",""state"":""東京都"",""street"":""日本橋小網町１４－１""}",,,,,,,,,,03-1234-5055,03-5793-8302,A-127648,showa-cup.example.com,/services/images/photo/0017200000biNYZAA2,,食品卸売,33926000000,107,上場,,"【事業内容】
写真用、医療用、食用各種ゼラチンの製造販売。製本包装用、衛材用、ラベル用その他各種タイプの接着剤、ゲル化剤、安定剤、調味料等の食品材料、生化学、バイオマテリアル用コラーゲンの製造・販売。
2003年6月6日付で環境マネジメントシステムの国際規格である「ISO14001」の認証を、財団法人日本品質保証機構（JQA）より取得",将来見込み有り,本社,00572000008d2X9AAI,2025-04-17T02:07:28.000+0000,00572000008d2X9AAI,2025-04-17T02:07:28.000+0000,00572000008d2X9AAI,2025-04-17T02:07:28.000+0000,,2025-04-17T02:07:28.000+0000,2025-04-17T02:07:28.000+0000,,,Pending,,,,,,,,,
0017200000biNYaAAM,,,信州エステック株式会社,お客様,,内神田２－２－１,千代田区,東京都,101-0047,JP,,,,"{""city"":""千代田区"",""country"":""JP"",""geocodeAccuracy"":null,""latitude"":null,""longitude"":null,""postalCode"":""101-0047"",""state"":""東京都"",""street"":""内神田２－２－１""}",,,,,,,,,,03-1234-5021,03-5793-8302,A-127630,shinshu-estech.example.com,/services/images/photo/0017200000biNYaAAM,,医薬品,41551000000,101,上場,,"【事業内容】
写真用、医療用、食用各種ゼラチンの製造販売。製本包装用、衛材用、ラベル用その他各種タイプの接着剤、ゲル化剤、安定剤、調味料等の食品材料、生化学、バイオマテリアル用コラーゲンの製造・販売。
2003年6月6日付で環境マネジメントシステムの国際規格である「ISO14001」の認証を、財団法人日本品質保証機構（JQA）より取得",見込み有り,本社,00572000008d2X9AAI,2025-04-17T02:07:28.000+0000,00572000008d2X9AAI,2025-04-17T02:07:28.000+0000,00572000008d2X9AAI,2025-04-17T02:07:28.000+0000,,2025-04-17T02:07:28.000+0000,2025-04-17T02:07:28.000+0000,,,Pending,,,,,,,,,
0017200000biNYbAAM,,,カントリー通信株式会社,旧お客様,,東陽５－３０－１３,江東区,東京都,135-8373,JP,,,,"{""city"":""江東区"",""country"":""JP"",""geocodeAccuracy"":null,""latitude"":null,""longitude"":null,""postalCode"":""135-8373"",""state"":""東京都"",""street"":""東陽５－３０－１３""}",,,,,,,,,,03-1234-5022,03-5793-8302,A-127646,cuntry-comm.example.com,/services/images/photo/0017200000biNYbAAM,,流通&小売,39252950000,501,上場,,"【事業内容】
写真用、医療用、食用各種ゼラチンの製造販売。製本包装用、衛材用、ラベル用その他各種タイプの接着剤、ゲル化剤、安定剤、調味料等の食品材料、生化学、バイオマテリアル用コラーゲンの製造・販売。
2003年6月6日付で環境マネジメントシステムの国際規格である「ISO14001」の認証を、財団法人日本品質保証機構（JQA）より取得",見込みあり：中,本社,00572000008d2X9AAI,2025-04-17T02:07:28.000+0000,00572000008d2X9AAI,2025-04-17T02:07:28.000+0000,00572000008d2X9AAI,2025-04-17T02:07:28.000+0000,,2025-04-17T02:07:28.000+0000,2025-04-17T02:07:28.000+0000,,,Pending,,,,,,,,,
0017200000biNYcAAM,,,富士液化ガス株式会社,旧お客様,,晴海１－８－８,中央区,東京都,104-0053,JP,,,,"{""city"":""中央区"",""country"":""JP"",""geocodeAccuracy"":null,""latitude"":null,""longitude"":null,""postalCode"":""104-0053"",""state"":""東京都"",""street"":""晴海１－８－８""}",,,,,,,,,,03-1234-5023,03-5793-8302,A-127656,feg.example.com,/services/images/photo/0017200000biNYcAAM,,公共サービス&エネルギー,32582000000,350,未上場,,"【事業内容】
写真用、医療用、食用各種ゼラチンの製造販売。製本包装用、衛材用、ラベル用その他各種タイプの接着剤、ゲル化剤、安定剤、調味料等の食品材料、生化学、バイオマテリアル用コラーゲンの製造・販売。
2003年6月6日付で環境マネジメントシステムの国際規格である「ISO14001」の認証を、財団法人日本品質保証機構（JQA）より取得",見込みなし,本社,00572000008d2X9AAI,2025-04-17T02:07:28.000+0000,00572000008d2X9AAI,2025-04-17T02:07:28.000+0000,00572000008d2X9AAI,2025-04-17T02:07:28.000+0000,,2025-04-17T02:07:28.000+0000,2025-04-17T02:07:28.000+0000,,,Pending,,,,,,,,,
0017200000biNYdAAM,,,アムラホールディングズ株式会社,パートナー,,新生町２－１０－１,銚子市,千葉県,288-0056,JP,,,,"{""city"":""銚子市"",""country"":""JP"",""geocodeAccuracy"":null,""latitude"":null,""longitude"":null,""postalCode"":""288-0056"",""state"":""千葉県"",""street"":""新生町２－１０－１""}",,,,,,,,,,03-1234-5024,03-5793-8302,A-127620,amular-holdings.example.com,/services/images/photo/0017200000biNYdAAM,,食品,51290000000,990,未上場,,"【事業内容】
写真用、医療用、食用各種ゼラチンの製造販売。製本包装用、衛材用、ラベル用その他各種タイプの接着剤、ゲル化剤、安定剤、調味料等の食品材料、生化学、バイオマテリアル用コラーゲンの製造・販売。
2003年6月6日付で環境マネジメントシステムの国際規格である「ISO14001」の認証を、財団法人日本品質保証機構（JQA）より取得",見込みあり：高,本社,00572000008d2X9AAI,2025-04-17T02:07:28.000+0000,00572000008d2X9AAI,2025-04-17T02:07:28.000+0000,00572000008d2X9AAI,2025-04-17T02:07:28.000+0000,,2025-04-17T02:07:28.000+0000,2025-04-17T02:07:28.000+0000,,,Pending,,,,,,,,,
0017200000biNYeAAM,,,渡瀬パイプ株式会社,お客様,,亀沢１－４－７,墨田区,東京都,130-0014,JP,,,,"{""city"":""墨田区"",""country"":""JP"",""geocodeAccuracy"":null,""latitude"":null,""longitude"":null,""postalCode"":""130-0014"",""state"":""東京都"",""street"":""亀沢１－４－７""}",,,,,,,,,,03-1234-5025,03-5793-8302,A-127544,watase-pipe.example.com,/services/images/photo/0017200000biNYeAAM,,流通&小売,126845000000,1900,上場,,"【事業内容】
写真用、医療用、食用各種ゼラチンの製造販売。製本包装用、衛材用、ラベル用その他各種タイプの接着剤、ゲル化剤、安定剤、調味料等の食品材料、生化学、バイオマテリアル用コラーゲンの製造・販売。
2003年6月6日付で環境マネジメントシステムの国際規格である「ISO14001」の認証を、財団法人日本品質保証機構（JQA）より取得",見込み有り,本社,00572000008d2X9AAI,2025-04-17T02:07:28.000+0000,00572000008d2X9AAI,2025-04-17T02:07:28.000+0000,00572000008d2X9AAI,2025-04-17T02:07:28.000+0000,,2025-04-17T02:07:28.000+0000,2025-04-17T02:07:28.000+0000,,,Pending,,,,,,,,,
0017200000biNYfAAM,,,黒戸電気株式会社,旧お客様,,港南２－１６－２,港区,東京都,108-8220,JP,,,,"{""city"":""港区"",""country"":""JP"",""geocodeAccuracy"":null,""latitude"":null,""longitude"":null,""postalCode"":""108-8220"",""state"":""東京都"",""street"":""港南２－１６－２""}",,,,,,,,,,03-1234-5026,03-5793-8302,A-127556,kuroto-denki.example.com,/services/images/photo/0017200000biNYfAAM,,流通&小売,86800000000,306,上場,,"【事業内容】
写真用、医療用、食用各種ゼラチンの製造販売。製本包装用、衛材用、ラベル用その他各種タイプの接着剤、ゲル化剤、安定剤、調味料等の食品材料、生化学、バイオマテリアル用コラーゲンの製造・販売。
2003年6月6日付で環境マネジメントシステムの国際規格である「ISO14001」の認証を、財団法人日本品質保証機構（JQA）より取得",見込みあり：中,本社,00572000008d2X9AAI,2025-04-17T02:07:28.000+0000,00572000008d2X9AAI,2025-04-17T02:07:28.000+0000,00572000008d2X9AAI,2025-04-17T02:07:28.000+0000,,2025-04-17T02:07:28.000+0000,2025-04-17T02:07:28.000+0000,,,Pending,,,,,,,,,
0017200000biNYgAAM,,,江角プラックス株式会社,パートナー,,日本橋馬喰町1-4-16,中央区,東京都,103-0002,JP,,,,"{""city"":""中央区"",""country"":""JP"",""geocodeAccuracy"":null,""latitude"":null,""longitude"":null,""postalCode"":""103-0002"",""state"":""東京都"",""street"":""日本橋馬喰町1-4-16""}",,,,,,,,,,03-1234-5027,03-5793-8302,A-127565,esumi-blacks.example.com,/services/images/photo/0017200000biNYgAAM,,流通&小売,77781000000,150,上場,,"【事業内容】
写真用、医療用、食用各種ゼラチンの製造販売。製本包装用、衛材用、ラベル用その他各種タイプの接着剤、ゲル化剤、安定剤、調味料等の食品材料、生化学、バイオマテリアル用コラーゲンの製造・販売。
2003年6月6日付で環境マネジメントシステムの国際規格である「ISO14001」の認証を、財団法人日本品質保証機構（JQA）より取得",見込みあり：高,本社,00572000008d2X9AAI,2025-04-17T02:07:28.000+0000,00572000008d2X9AAI,2025-04-17T02:07:28.000+0000,00572000008d2X9AAI,2025-04-17T02:07:28.000+0000,,2025-04-17T02:07:28.000+0000,2025-04-17T02:07:28.000+0000,,,Pending,,,,,,,,,
0017200000biNYhAAM,,,日本マクトロン株式会社,お客様,,芝大門１－１２－１５,港区,東京都,105-8585,JP,,,,"{""city"":""港区"",""country"":""JP"",""geocodeAccuracy"":null,""latitude"":null,""longitude"":null,""postalCode"":""105-8585"",""state"":""東京都"",""street"":""芝大門１－１２－１５""}",,,,,,,,,,03-1234-5028,03-5793-8302,A-127579,nihon-mactron.example.com,/services/images/photo/0017200000biNYhAAM,,製造,68127000000,1250,上場,,"【事業内容】
写真用、医療用、食用各種ゼラチンの製造販売。製本包装用、衛材用、ラベル用その他各種タイプの接着剤、ゲル化剤、安定剤、調味料等の食品材料、生化学、バイオマテリアル用コラーゲンの製造・販売。
2003年6月6日付で環境マネジメントシステムの国際規格である「ISO14001」の認証を、財団法人日本品質保証機構（JQA）より取得",見込み有り,本社,00572000008d2X9AAI,2025-04-17T02:07:28.000+0000,00572000008d2X9AAI,2025-04-17T02:07:28.000+0000,00572000008d2X9AAI,2025-04-17T02:07:28.000+0000,,2025-04-17T02:07:28.000+0000,2025-04-17T02:07:28.000+0000,,,Pending,,,,,,,,,
0017200000biNYiAAM,,,株式会社マリモト,パートナー,,恵比寿南３－７－４,渋谷区,東京都,150-0022,JP,,,,"{""city"":""渋谷区"",""country"":""JP"",""geocodeAccuracy"":null,""latitude"":null,""longitude"":null,""postalCode"":""150-0022"",""state"":""東京都"",""street"":""恵比寿南３－７－４""}",,,,,,,,,,03-1234-5029,03-5793-8302,A-127575,marimoto.example.com,/services/images/photo/0017200000biNYiAAM,,不動産,69057000000,204,未上場,,"【事業内容】
写真用、医療用、食用各種ゼラチンの製造販売。製本包装用、衛材用、ラベル用その他各種タイプの接着剤、ゲル化剤、安定剤、調味料等の食品材料、生化学、バイオマテリアル用コラーゲンの製造・販売。
2003年6月6日付で環境マネジメントシステムの国際規格である「ISO14001」の認証を、財団法人日本品質保証機構（JQA）より取得",見込みあり：高,本社,00572000008d2X9AAI,2025-04-17T02:07:28.000+0000,00572000008d2X9AAI,2025-04-17T02:07:28.000+0000,00572000008d2X9AAI,2025-04-17T02:07:28.000+0000,,2025-04-17T02:07:28.000+0000,2025-04-17T02:07:28.000+0000,,,Pending,,,,,,,,,
0017200000biNYjAAM,,,株式会社富士野,旧お客様,,川口町２－６５２８－３６,銚子市,千葉県,288-0001,JP,,,,"{""city"":""銚子市"",""country"":""JP"",""geocodeAccuracy"":null,""latitude"":null,""longitude"":null,""postalCode"":""288-0001"",""state"":""千葉県"",""street"":""川口町２－６５２８－３６""}",,,,,,,,,,03-1234-5030,03-5793-8302,A-127576,fujino.example.com,/services/images/photo/0017200000biNYjAAM,,食品卸売,68837000000,252,上場,,"【事業内容】
写真用、医療用、食用各種ゼラチンの製造販売。製本包装用、衛材用、ラベル用その他各種タイプの接着剤、ゲル化剤、安定剤、調味料等の食品材料、生化学、バイオマテリアル用コラーゲンの製造・販売。
2003年6月6日付で環境マネジメントシステムの国際規格である「ISO14001」の認証を、財団法人日本品質保証機構（JQA）より取得",見込みあり：高,本社,00572000008d2X9AAI,2025-04-17T02:07:28.000+0000,00572000008d2X9AAI,2025-04-17T02:07:28.000+0000,00572000008d2X9AAI,2025-04-17T02:07:28.000+0000,,2025-04-17T02:07:28.000+0000,2025-04-17T02:07:28.000+0000,,,Pending,,,,,,,,,
0017200000biNYkAAM,,,東野幸商事株式会社,お客様候補,,東上野５－２－２,台東区,東京都,110-8624,JP,,,,"{""city"":""台東区"",""country"":""JP"",""geocodeAccuracy"":null,""latitude"":null,""longitude"":null,""postalCode"":""110-8624"",""state"":""東京都"",""street"":""東上野５－２－２""}",,,,,,,,,,03-1234-5031,03-5793-8302,A-127517,higashino-sachi.example.com,/services/images/photo/0017200000biNYkAAM,,食品卸売,299811000000,481,上場,,"【事業内容】
写真用、医療用、食用各種ゼラチンの製造販売。製本包装用、衛材用、ラベル用その他各種タイプの接着剤、ゲル化剤、安定剤、調味料等の食品材料、生化学、バイオマテリアル用コラーゲンの製造・販売。
2003年6月6日付で環境マネジメントシステムの国際規格である「ISO14001」の認証を、財団法人日本品質保証機構（JQA）より取得",見込みあり：中,本社,00572000008d2X9AAI,2025-04-17T02:07:28.000+0000,00572000008d2X9AAI,2025-04-17T02:07:28.000+0000,00572000008d2X9AAI,2025-04-17T02:07:28.000+0000,,2025-04-17T02:07:28.000+0000,2025-04-17T02:07:28.000+0000,,,Pending,,,,,,,,,
0017200000biNYlAAM,,,ムーン建材株式会社,パートナー,,中央区心斎橋筋１丁目３－３,大阪市,大阪府,102-0094,JP,,,,"{""city"":""大阪市"",""country"":""JP"",""geocodeAccuracy"":null,""latitude"":null,""longitude"":null,""postalCode"":""102-0094"",""state"":""大阪府"",""street"":""中央区心斎橋筋１丁目３－３""}",,,,,,,,,,03-1234-5032,03-5793-8302,A-127531,moon-kenzai.example.com,/services/images/photo/0017200000biNYlAAM,,流通&小売,160752000000,255,上場,,"【事業内容】
写真用、医療用、食用各種ゼラチンの製造販売。製本包装用、衛材用、ラベル用その他各種タイプの接着剤、ゲル化剤、安定剤、調味料等の食品材料、生化学、バイオマテリアル用コラーゲンの製造・販売。
2003年6月6日付で環境マネジメントシステムの国際規格である「ISO14001」の認証を、財団法人日本品質保証機構（JQA）より取得",見込みあり：高,本社,00572000008d2X9AAI,2025-04-17T02:07:28.000+0000,00572000008d2X9AAI,2025-04-17T02:07:28.000+0000,00572000008d2X9AAI,2025-04-17T02:07:28.000+0000,,2025-04-17T02:07:28.000+0000,2025-04-17T02:07:28.000+0000,,,Pending,,,,,,,,,
0017200000biNYmAAM,,,大東京重機株式会社,お客様,,大手町１－５－１,千代田区,東京都,100-0004,JP,,,,"{""city"":""千代田区"",""country"":""JP"",""geocodeAccuracy"":null,""latitude"":null,""longitude"":null,""postalCode"":""100-0004"",""state"":""東京都"",""street"":""大手町１－５－１""}",,,,,,,,,,03-1234-5033,03-5793-8302,A-127593,daitokyo-juki.example.com,/services/images/photo/0017200000biNYmAAM,,金融サービス,58747000000,1122,未上場,,"【事業内容】
写真用、医療用、食用各種ゼラチンの製造販売。製本包装用、衛材用、ラベル用その他各種タイプの接着剤、ゲル化剤、安定剤、調味料等の食品材料、生化学、バイオマテリアル用コラーゲンの製造・販売。
2003年6月6日付で環境マネジメントシステムの国際規格である「ISO14001」の認証を、財団法人日本品質保証機構（JQA）より取得",見込み無し,本社,00572000008d2X9AAI,2025-04-17T02:07:28.000+0000,00572000008d2X9AAI,2025-04-17T02:07:28.000+0000,00572000008d2X9AAI,2025-04-17T02:07:28.000+0000,,2025-04-17T02:07:28.000+0000,2025-04-17T02:07:28.000+0000,,,Pending,,,,,,,,,
0017200000biNYnAAM,,,北河産業株式会社,お客様,,日本橋富沢町８－８,中央区,東京都,103-0006,JP,,,,"{""city"":""中央区"",""country"":""JP"",""geocodeAccuracy"":null,""latitude"":null,""longitude"":null,""postalCode"":""103-0006"",""state"":""東京都"",""street"":""日本橋富沢町８－８""}",,,,,,,,,,03-1234-5034,03-5793-8302,A-127609,kitagawa-sangyo.example.com,/services/images/photo/0017200000biNYnAAM,,繊維・紙卸売,51164000000,781,上場,,"【事業内容】
写真用、医療用、食用各種ゼラチンの製造販売。製本包装用、衛材用、ラベル用その他各種タイプの接着剤、ゲル化剤、安定剤、調味料等の食品材料、生化学、バイオマテリアル用コラーゲンの製造・販売。
2003年6月6日付で環境マネジメントシステムの国際規格である「ISO14001」の認証を、財団法人日本品質保証機構（JQA）より取得",将来見込み有り,本社,00572000008d2X9AAI,2025-04-17T02:07:28.000+0000,00572000008d2X9AAI,2025-04-17T02:07:28.000+0000,00572000008d2X9AAI,2025-04-17T02:07:28.000+0000,,2025-04-17T02:07:28.000+0000,2025-04-17T02:07:28.000+0000,,,Pending,,,,,,,,,
0017200000biNYoAAM,,,オーエルエレクトロニクス株式会社,旧お客様,,紀尾井町３－６,千代田区,東京都,5420085,JP,,,,"{""city"":""千代田区"",""country"":""JP"",""geocodeAccuracy"":null,""latitude"":null,""longitude"":null,""postalCode"":""5420085"",""state"":""東京都"",""street"":""紀尾井町３－６""}",,,,,,,,,,03-1234-5035,03-5793-8302,A-127606,all-electronics.example.com,/services/images/photo/0017200000biNYoAAM,,電機卸売,52690000000,230,上場,,"【事業内容】
写真用、医療用、食用各種ゼラチンの製造販売。製本包装用、衛材用、ラベル用その他各種タイプの接着剤、ゲル化剤、安定剤、調味料等の食品材料、生化学、バイオマテリアル用コラーゲンの製造・販売。
2003年6月6日付で環境マネジメントシステムの国際規格である「ISO14001」の認証を、財団法人日本品質保証機構（JQA）より取得",見込みあり：高,本社,00572000008d2X9AAI,2025-04-17T02:07:28.000+0000,00572000008d2X9AAI,2025-04-17T02:07:28.000+0000,00572000008d2X9AAI,2025-04-17T02:07:28.000+0000,,2025-04-17T02:07:28.000+0000,2025-04-17T02:07:28.000+0000,,,Pending,,,,,,,,,
0017200000biNYpAAM,,,野田中産業株式会社,旧お客様,,新宿１－１－１１,新宿区,東京都,160-0022,JP,,,,"{""city"":""新宿区"",""country"":""JP"",""geocodeAccuracy"":null,""latitude"":null,""longitude"":null,""postalCode"":""160-0022"",""state"":""東京都"",""street"":""新宿１－１－１１""}",,,,,,,,,,03-1234-5036,03-5793-8302,A-127566,nodanaka-sangyo.example.com,/services/images/photo/0017200000biNYpAAM,,流通&小売,77355000000,517,未上場,,"【事業内容】
写真用、医療用、食用各種ゼラチンの製造販売。製本包装用、衛材用、ラベル用その他各種タイプの接着剤、ゲル化剤、安定剤、調味料等の食品材料、生化学、バイオマテリアル用コラーゲンの製造・販売。
2003年6月6日付で環境マネジメントシステムの国際規格である「ISO14001」の認証を、財団法人日本品質保証機構（JQA）より取得",見込みなし,本社,00572000008d2X9AAI,2025-04-17T02:07:28.000+0000,00572000008d2X9AAI,2025-04-17T02:07:28.000+0000,00572000008d2X9AAI,2025-04-17T02:07:28.000+0000,,2025-04-17T02:07:28.000+0000,2025-04-17T02:07:28.000+0000,,,Pending,,,,,,,,,
0017200000biNYqAAM,,,ツナシン電機株式会社,パートナー,,深沢８－１９－２０,世田谷区,東京都,158-0081,JP,,,,"{""city"":""世田谷区"",""country"":""JP"",""geocodeAccuracy"":null,""latitude"":null,""longitude"":null,""postalCode"":""158-0081"",""state"":""東京都"",""street"":""深沢８－１９－２０""}",,,,,,,,,,03-1234-5037,03-5793-8302,A-127580,tsunashin-denki.example.com,/services/images/photo/0017200000biNYqAAM,,製造,66890000000,328,上場,,"【事業内容】
写真用、医療用、食用各種ゼラチンの製造販売。製本包装用、衛材用、ラベル用その他各種タイプの接着剤、ゲル化剤、安定剤、調味料等の食品材料、生化学、バイオマテリアル用コラーゲンの製造・販売。
2003年6月6日付で環境マネジメントシステムの国際規格である「ISO14001」の認証を、財団法人日本品質保証機構（JQA）より取得",見込みあり：高,本社,00572000008d2X9AAI,2025-04-17T02:07:28.000+0000,00572000008d2X9AAI,2025-04-17T02:07:28.000+0000,00572000008d2X9AAI,2025-04-17T02:07:28.000+0000,,2025-04-17T02:07:28.000+0000,2025-04-17T02:07:28.000+0000,,,Pending,,,,,,,,,
0017200000biNYrAAM,,,京レインターナショナル株式会社,旧お客様,,日本橋室町３－４－４,中央区,東京都,103-0022,JP,,,,"{""city"":""中央区"",""country"":""JP"",""geocodeAccuracy"":null,""latitude"":null,""longitude"":null,""postalCode"":""103-0022"",""state"":""東京都"",""street"":""日本橋室町３－４－４""}",,,,,,,,,,03-1234-5038,03-5793-8302,A-127527,kyoure-international.example.com,/services/images/photo/0017200000biNYrAAM,,流通&小売,191101000000,309,未上場,,"【事業内容】
写真用、医療用、食用各種ゼラチンの製造販売。製本包装用、衛材用、ラベル用その他各種タイプの接着剤、ゲル化剤、安定剤、調味料等の食品材料、生化学、バイオマテリアル用コラーゲンの製造・販売。
2003年6月6日付で環境マネジメントシステムの国際規格である「ISO14001」の認証を、財団法人日本品質保証機構（JQA）より取得",見込みなし,本社,00572000008d2X9AAI,2025-04-17T02:07:28.000+0000,00572000008d2X9AAI,2025-04-17T02:07:28.000+0000,00572000008d2X9AAI,2025-04-17T02:07:28.000+0000,,2025-04-17T02:07:28.000+0000,2025-04-17T02:07:28.000+0000,,,Pending,,,,,,,,,
0017200000biNYsAAM,,,株式会社山口エコー,旧お客様,,塩浜２－１２,市川市,千葉県,272-0127,JP,,,,"{""city"":""市川市"",""country"":""JP"",""geocodeAccuracy"":null,""latitude"":null,""longitude"":null,""postalCode"":""272-0127"",""state"":""千葉県"",""street"":""塩浜２－１２""}",,,,,,,,,,03-1234-5039,03-5793-8302,A-127541,yamaguchi-echo.example.com,/services/images/photo/0017200000biNYsAAM,,食品卸売,119000000000,480,上場,,"【事業内容】
写真用、医療用、食用各種ゼラチンの製造販売。製本包装用、衛材用、ラベル用その他各種タイプの接着剤、ゲル化剤、安定剤、調味料等の食品材料、生化学、バイオマテリアル用コラーゲンの製造・販売。
2003年6月6日付で環境マネジメントシステムの国際規格である「ISO14001」の認証を、財団法人日本品質保証機構（JQA）より取得",見込みあり：中,本社,00572000008d2X9AAI,2025-04-17T02:07:28.000+0000,00572000008d2X9AAI,2025-04-17T02:07:28.000+0000,00572000008d2X9AAI,2025-04-17T02:07:28.000+0000,,2025-04-17T02:07:28.000+0000,2025-04-17T02:07:28.000+0000,,,Pending,,,,,,,,,
0017200000biNYtAAM,,,株式会社川田,お客様,,大久保２－５－２５,新宿区,東京都,169-8558,JP,,,,"{""city"":""新宿区"",""country"":""JP"",""geocodeAccuracy"":null,""latitude"":null,""longitude"":null,""postalCode"":""169-8558"",""state"":""東京都"",""street"":""大久保２－５－２５""}",,,,,,,,,,03-1234-5040,03-5793-8302,A-127639,kawada.example.com,/services/images/photo/0017200000biNYtAAM,,流通&小売,35908000000,427,上場,,"【事業内容】
写真用、医療用、食用各種ゼラチンの製造販売。製本包装用、衛材用、ラベル用その他各種タイプの接着剤、ゲル化剤、安定剤、調味料等の食品材料、生化学、バイオマテリアル用コラーゲンの製造・販売。
2003年6月6日付で環境マネジメントシステムの国際規格である「ISO14001」の認証を、財団法人日本品質保証機構（JQA）より取得",見込み有り,本社,00572000008d2X9AAI,2025-04-17T02:07:28.000+0000,00572000008d2X9AAI,2025-04-17T02:07:28.000+0000,00572000008d2X9AAI,2025-04-17T02:07:28.000+0000,,2025-04-17T02:07:28.000+0000,2025-04-17T02:07:28.000+0000,,,Pending,,,,,,,,,
0017200000biNYuAAM,,,谷町産業株式会社,お客様候補,,丸の内１－８－２,千代田区,東京都,100-0005,JP,,,,"{""city"":""千代田区"",""country"":""JP"",""geocodeAccuracy"":null,""latitude"":null,""longitude"":null,""postalCode"":""100-0005"",""state"":""東京都"",""street"":""丸の内１－８－２""}",,,,,,,,,,03-1234-5041,03-5793-8302,A-127642,tanimachi-sangyo.example.com,/services/images/photo/0017200000biNYuAAM,,流通&小売,35070000000,299,上場,,"【事業内容】
写真用、医療用、食用各種ゼラチンの製造販売。製本包装用、衛材用、ラベル用その他各種タイプの接着剤、ゲル化剤、安定剤、調味料等の食品材料、生化学、バイオマテリアル用コラーゲンの製造・販売。
2003年6月6日付で環境マネジメントシステムの国際規格である「ISO14001」の認証を、財団法人日本品質保証機構（JQA）より取得",見込みあり：高,本社,00572000008d2X9AAI,2025-04-17T02:07:28.000+0000,00572000008d2X9AAI,2025-04-17T02:07:28.000+0000,00572000008d2X9AAI,2025-04-17T02:07:28.000+0000,,2025-04-17T02:07:28.000+0000,2025-04-17T02:07:28.000+0000,,,Pending,,,,,,,,,
0017200000biNYvAAM,,,高橋秀不動産株式会社,パートナー,,下大島町410,前橋市,愛知県,379-2152,JP,,,,"{""city"":""前橋市"",""country"":""JP"",""geocodeAccuracy"":null,""latitude"":null,""longitude"":null,""postalCode"":""379-2152"",""state"":""愛知県"",""street"":""下大島町410""}",,,,,,,,,,03-1234-5042,03-5793-8302,A-127515,takahashihide-fudosan.example.com,/services/images/photo/0017200000biNYvAAM,,公共サービス&エネルギー,341856000000,151,未上場,,"【事業内容】
写真用、医療用、食用各種ゼラチンの製造販売。製本包装用、衛材用、ラベル用その他各種タイプの接着剤、ゲル化剤、安定剤、調味料等の食品材料、生化学、バイオマテリアル用コラーゲンの製造・販売。
2003年6月6日付で環境マネジメントシステムの国際規格である「ISO14001」の認証を、財団法人日本品質保証機構（JQA）より取得",見込みあり：高,本社,00572000008d2X9AAI,2025-04-17T02:07:28.000+0000,00572000008d2X9AAI,2025-04-17T02:07:28.000+0000,00572000008d2X9AAI,2025-04-17T02:07:28.000+0000,,2025-04-17T02:07:28.000+0000,2025-04-17T02:07:28.000+0000,,,Pending,,,,,,,,,
0017200000biNYwAAM,,,立花田商事株式会社,お客様,,築地５－６－１０,中央区,東京都,104-0045,JP,,,,"{""city"":""中央区"",""country"":""JP"",""geocodeAccuracy"":null,""latitude"":null,""longitude"":null,""postalCode"":""104-0045"",""state"":""東京都"",""street"":""築地５－６－１０""}",,,,,,,,,,03-1234-5043,03-5793-8302,A-127518,tachihanada-shoji.example.com,/services/images/photo/0017200000biNYwAAM,,流通&小売,295587000000,2999,未上場,,"【事業内容】
写真用、医療用、食用各種ゼラチンの製造販売。製本包装用、衛材用、ラベル用その他各種タイプの接着剤、ゲル化剤、安定剤、調味料等の食品材料、生化学、バイオマテリアル用コラーゲンの製造・販売。
2003年6月6日付で環境マネジメントシステムの国際規格である「ISO14001」の認証を、財団法人日本品質保証機構（JQA）より取得",見込み有り,本社,00572000008d2X9AAI,2025-04-17T02:07:28.000+0000,00572000008d2X9AAI,2025-04-17T02:07:28.000+0000,00572000008d2X9AAI,2025-04-17T02:07:28.000+0000,,2025-04-17T02:07:28.000+0000,2025-04-17T02:07:28.000+0000,,,Pending,,,,,,,,,
0017200000biNYxAAM,,,角商マシネックス株式会社,お客様,,大塚３－５－１０,文京区,東京都,112-0012,JP,,,,"{""city"":""文京区"",""country"":""JP"",""geocodeAccuracy"":null,""latitude"":null,""longitude"":null,""postalCode"":""112-0012"",""state"":""東京都"",""street"":""大塚３－５－１０""}",,,,,,,,,,03-1234-5044,03-5793-8302,A-127653,sumisho-machinecs.example.com,/services/images/photo/0017200000biNYxAAM,,流通&小売,33403000000,170,未上場,,"【事業内容】
写真用、医療用、食用各種ゼラチンの製造販売。製本包装用、衛材用、ラベル用その他各種タイプの接着剤、ゲル化剤、安定剤、調味料等の食品材料、生化学、バイオマテリアル用コラーゲンの製造・販売。
2003年6月6日付で環境マネジメントシステムの国際規格である「ISO14001」の認証を、財団法人日本品質保証機構（JQA）より取得",見込み有り,本社,00572000008d2X9AAI,2025-04-17T02:07:28.000+0000,00572000008d2X9AAI,2025-04-17T02:07:28.000+0000,00572000008d2X9AAI,2025-04-17T02:07:28.000+0000,,2025-04-17T02:07:28.000+0000,2025-04-17T02:07:28.000+0000,,,Pending,,,,,,,,,
0017200000biNYyAAM,,,初芝メディカル株式会社,お客様候補,,本郷３－２６－５,文京区,東京都,113-8456,JP,,,,"{""city"":""文京区"",""country"":""JP"",""geocodeAccuracy"":null,""latitude"":null,""longitude"":null,""postalCode"":""113-8456"",""state"":""東京都"",""street"":""本郷３－２６－５""}",,,,,,,,,,03-1234-5045,03-5793-8302,A-127532,hatsushiba-medical.example.com,/services/images/photo/0017200000biNYyAAM,,電機卸売,150530000000,2194,上場,,"【事業内容】
写真用、医療用、食用各種ゼラチンの製造販売。製本包装用、衛材用、ラベル用その他各種タイプの接着剤、ゲル化剤、安定剤、調味料等の食品材料、生化学、バイオマテリアル用コラーゲンの製造・販売。
2003年6月6日付で環境マネジメントシステムの国際規格である「ISO14001」の認証を、財団法人日本品質保証機構（JQA）より取得",見込みあり：中,本社,00572000008d2X9AAI,2025-04-17T02:07:28.000+0000,00572000008d2X9AAI,2025-04-17T02:07:28.000+0000,00572000008d2X9AAI,2025-04-17T02:07:28.000+0000,,2025-04-17T02:07:28.000+0000,2025-04-17T02:07:28.000+0000,,,Pending,,,,,,,,,
0017200000biNYzAAM,,,株式会社トーケイド,パートナー,,東五軒町６－２４,新宿区,東京都,162-8710,JP,,,,"{""city"":""新宿区"",""country"":""JP"",""geocodeAccuracy"":null,""latitude"":null,""longitude"":null,""postalCode"":""162-8710"",""state"":""東京都"",""street"":""東五軒町６－２４""}",,,,,,,,,,03-1234-5046,03-5793-8302,A-127510,tokeido.example.com,/services/images/photo/0017200000biNYzAAM,,流通&小売,665713000000,2409,上場,,"【事業内容】
写真用、医療用、食用各種ゼラチンの製造販売。製本包装用、衛材用、ラベル用その他各種タイプの接着剤、ゲル化剤、安定剤、調味料等の食品材料、生化学、バイオマテリアル用コラーゲンの製造・販売。
2003年6月6日付で環境マネジメントシステムの国際規格である「ISO14001」の認証を、財団法人日本品質保証機構（JQA）より取得",見込みあり：高,本社,00572000008d2X9AAI,2025-04-17T02:07:28.000+0000,00572000008d2X9AAI,2025-04-17T02:07:28.000+0000,00572000008d2X9AAI,2025-04-17T02:07:28.000+0000,,2025-04-17T02:07:28.000+0000,2025-04-17T02:07:28.000+0000,,,Pending,,,,,,,,,
0017200000biNZ0AAM,,,グランプリホテル高輪,お客様候補,,高輪 3-13-1,港区,東京都,108-8612,日本,,,,"{""city"":""港区"",""country"":""日本"",""geocodeAccuracy"":null,""latitude"":null,""longitude"":null,""postalCode"":""108-8612"",""state"":""東京都"",""street"":""高輪 3-13-1""}",,,,,,,,,,03-1234-5047,03-5793-8302,A-127632,gradprix-hotel.example.com,/services/images/photo/0017200000biNZ0AAM,,流通&小売,,350,未上場,,"【コンセプト】
都市型のホテルに求められるもの。それは、様々な人やモノや情報が出会い、交流する空間になることである、と私たちは考えます。
新しい出会いからは、新しい刺激が生まれます。経験したことのない胸高鳴るひとときが生まれます。
そのために「GRAND PRINCE HOTEL」がご用意したのは、おもてなしの心にあふれ、スケール感のある上質な空間です。
ゆったりとおくつろぎいただける伸びやかな客室。ビジネスのコンベンションやプライベートなパーティーを自在に演出する贅沢な空間。
ホテルとしてのクオリティーに一切の妥協をすることなく、都市型ホテルの理想の姿を極めること。それが、「GRAND PRINCE HOTEL」の意思です。",見込みあり：高,本社,00572000008d2X9AAI,2025-04-17T02:07:28.000+0000,00572000008d2X9AAI,2025-04-17T02:07:28.000+0000,00572000008d2X9AAI,2025-04-17T02:07:28.000+0000,,2025-04-17T02:07:28.000+0000,2025-04-17T02:07:28.000+0000,,,Pending,,,,,,,,,
0017200000biNZ1AAM,,,マキシマム株式会社,お客様候補,,武1－5－28,鹿児島市,愛知県,112-8654,JP,,,,"{""city"":""鹿児島市"",""country"":""JP"",""geocodeAccuracy"":null,""latitude"":null,""longitude"":null,""postalCode"":""112-8654"",""state"":""愛知県"",""street"":""武1－5－28""}",,,,,,,,,,03-1234-5048,03-5793-8302,A-127637,maximum.example.com,/services/images/photo/0017200000biNZ1AAM,,流通&小売,42390150000,501,上場,,"【事業内容】
写真用、医療用、食用各種ゼラチンの製造販売。製本包装用、衛材用、ラベル用その他各種タイプの接着剤、ゲル化剤、安定剤、調味料等の食品材料、生化学、バイオマテリアル用コラーゲンの製造・販売。
2003年6月6日付で環境マネジメントシステムの国際規格である「ISO14001」の認証を、財団法人日本品質保証機構（JQA）より取得",見込みあり：中,本社,00572000008d2X9AAI,2025-04-17T02:07:28.000+0000,00572000008d2X9AAI,2025-04-17T02:07:28.000+0000,00572000008d2X9AAI,2025-04-17T02:07:28.000+0000,,2025-04-17T02:07:28.000+0000,2025-04-17T02:07:28.000+0000,,,Pending,,,,,,,,,
0017200000biNZ2AAM,,,加藤安田金属株式会社,お客様,,神田須田町２－１３－３,千代田区,東京都,101-8559,JP,,,,"{""city"":""千代田区"",""country"":""JP"",""geocodeAccuracy"":null,""latitude"":null,""longitude"":null,""postalCode"":""101-8559"",""state"":""東京都"",""street"":""神田須田町２－１３－３""}",,,,,,,,,,03-1234-5049,03-5793-8302,A-127618,kato-yasuda-kinzoku.example.com,/services/images/photo/0017200000biNZ2AAM,,鉄鋼・金属卸売,45089000000,321,上場,,"【事業内容】
写真用、医療用、食用各種ゼラチンの製造販売。製本包装用、衛材用、ラベル用その他各種タイプの接着剤、ゲル化剤、安定剤、調味料等の食品材料、生化学、バイオマテリアル用コラーゲンの製造・販売。
2003年6月6日付で環境マネジメントシステムの国際規格である「ISO14001」の認証を、財団法人日本品質保証機構（JQA）より取得",将来見込み有り,本社,00572000008d2X9AAI,2025-04-17T02:07:28.000+0000,00572000008d2X9AAI,2025-04-17T02:07:28.000+0000,00572000008d2X9AAI,2025-04-17T02:07:28.000+0000,,2025-04-17T02:07:28.000+0000,2025-04-17T02:07:28.000+0000,,,Pending,,,,,,,,,
0017200000biNZ3AAM,,,平成エーアイシー株式会社,お客様,,西五反田1-31-1,品川区,東京都,141-0031,JP,,,,"{""city"":""品川区"",""country"":""JP"",""geocodeAccuracy"":null,""latitude"":null,""longitude"":null,""postalCode"":""141-0031"",""state"":""東京都"",""street"":""西五反田1-31-1""}",,,,,,,,,,03-1234-5050,03-5793-8302,A-127634,heisei-arc.example.com,/services/images/photo/0017200000biNZ3AAM,,製造,38606000000,993,上場,,"【事業内容】
写真用、医療用、食用各種ゼラチンの製造販売。製本包装用、衛材用、ラベル用その他各種タイプの接着剤、ゲル化剤、安定剤、調味料等の食品材料、生化学、バイオマテリアル用コラーゲンの製造・販売。
2003年6月6日付で環境マネジメントシステムの国際規格である「ISO14001」の認証を、財団法人日本品質保証機構（JQA）より取得",見込み有り,本社,00572000008d2X9AAI,2025-04-17T02:07:28.000+0000,00572000008d2X9AAI,2025-04-17T02:07:28.000+0000,00572000008d2X9AAI,2025-04-17T02:07:28.000+0000,,2025-04-17T02:07:28.000+0000,2025-04-17T02:07:28.000+0000,,,Pending,,,,,,,,,
0017200000biNZ4AAM,,,株式会社村井精工,旧お客様,,久が原５－１３－１２,大田区,東京都,146-8580,JP,,,,"{""city"":""大田区"",""country"":""JP"",""geocodeAccuracy"":null,""latitude"":null,""longitude"":null,""postalCode"":""146-8580"",""state"":""東京都"",""street"":""久が原５－１３－１２""}",,,,,,,,,,03-1234-5051,03-5793-8302,A-127621,murai-seiko.example.com,/services/images/photo/0017200000biNZ4AAM,,精密機械,44535000000,1159,上場,,"【事業内容】
写真用、医療用、食用各種ゼラチンの製造販売。製本包装用、衛材用、ラベル用その他各種タイプの接着剤、ゲル化剤、安定剤、調味料等の食品材料、生化学、バイオマテリアル用コラーゲンの製造・販売。
2003年6月6日付で環境マネジメントシステムの国際規格である「ISO14001」の認証を、財団法人日本品質保証機構（JQA）より取得",見込みあり：高,本社,00572000008d2X9AAI,2025-04-17T02:07:28.000+0000,00572000008d2X9AAI,2025-04-17T02:07:28.000+0000,00572000008d2X9AAI,2025-04-17T02:07:28.000+0000,,2025-04-17T02:07:28.000+0000,2025-04-17T02:07:28.000+0000,,,Pending,,,,,,,,,
0017200000biNZ5AAM,,,野原テクノサーブ株式会社,お客様,,羽田５－１－１３,大田区,東京都,144-8677,JP,,,,"{""city"":""大田区"",""country"":""JP"",""geocodeAccuracy"":null,""latitude"":null,""longitude"":null,""postalCode"":""144-8677"",""state"":""東京都"",""street"":""羽田５－１－１３""}",,,,,,,,,,03-1234-5052,03-5793-8302,A-127573,nohara-techno.example.com,/services/images/photo/0017200000biNZ5AAM,,精密・機械卸売,69789000000,1126,上場,,"【事業内容】
写真用、医療用、食用各種ゼラチンの製造販売。製本包装用、衛材用、ラベル用その他各種タイプの接着剤、ゲル化剤、安定剤、調味料等の食品材料、生化学、バイオマテリアル用コラーゲンの製造・販売。
2003年6月6日付で環境マネジメントシステムの国際規格である「ISO14001」の認証を、財団法人日本品質保証機構（JQA）より取得",見込み有り,本社,00572000008d2X9AAI,2025-04-17T02:07:28.000+0000,00572000008d2X9AAI,2025-04-17T02:07:28.000+0000,00572000008d2X9AAI,2025-04-17T02:07:28.000+0000,,2025-04-17T02:07:28.000+0000,2025-04-17T02:07:28.000+0000,,,Pending,,,,,,,,,
0017200000biNZ6AAM,,,大日本リサイクル株式会社,お客様候補,,赤坂３－５－２,港区,東京都,2600001,JP,,,,"{""city"":""港区"",""country"":""JP"",""geocodeAccuracy"":null,""latitude"":null,""longitude"":null,""postalCode"":""2600001"",""state"":""東京都"",""street"":""赤坂３－５－２""}",,,,,,,,,,03-1234-5053,03-5793-8302,A-127622,dainihon-recycle.example.com,/services/images/photo/0017200000biNZ6AAM,,医薬品,44088000000,333,上場,,"【事業内容】
写真用、医療用、食用各種ゼラチンの製造販売。製本包装用、衛材用、ラベル用その他各種タイプの接着剤、ゲル化剤、安定剤、調味料等の食品材料、生化学、バイオマテリアル用コラーゲンの製造・販売。
2003年6月6日付で環境マネジメントシステムの国際規格である「ISO14001」の認証を、財団法人日本品質保証機構（JQA）より取得",見込みあり：中,本社,00572000008d2X9AAI,2025-04-17T02:07:28.000+0000,00572000008d2X9AAI,2025-04-17T02:07:28.000+0000,00572000008d2X9AAI,2025-04-17T02:07:28.000+0000,,2025-04-17T02:07:28.000+0000,2025-04-17T02:07:28.000+0000,,,Pending,,,,,,,,,
0017200000biNZ7AAM,,,帝徳ホームズ株式会社,お客様候補,,丸の内１－２－１,千代田区,東京都,100-8050,JP,,,,"{""city"":""千代田区"",""country"":""JP"",""geocodeAccuracy"":null,""latitude"":null,""longitude"":null,""postalCode"":""100-8050"",""state"":""東京都"",""street"":""丸の内１－２－１""}",,,,,,,,,,03-1234-5054,03-5793-8302,A-127507,teitoku-homes.example.com,/services/images/photo/0017200000biNZ7AAM,,保険,1469685000000,12255,上場,,"【事業内容】
写真用、医療用、食用各種ゼラチンの製造販売。製本包装用、衛材用、ラベル用その他各種タイプの接着剤、ゲル化剤、安定剤、調味料等の食品材料、生化学、バイオマテリアル用コラーゲンの製造・販売。
2003年6月6日付で環境マネジメントシステムの国際規格である「ISO14001」の認証を、財団法人日本品質保証機構（JQA）より取得",見込みあり：高,本社,00572000008d2X9AAI,2025-04-17T02:07:28.000+0000,00572000008d2X9AAI,2025-04-17T02:07:28.000+0000,00572000008d2X9AAI,2025-04-17T02:07:28.000+0000,,2025-04-17T02:07:28.000+0000,2025-04-17T02:07:28.000+0000,,,Pending,,,,,,,,,
0017200000biNZ8AAM,,,昭和カップ株式会社,お客様,,日本橋小網町１４－１,中央区,東京都,103-0016,JP,,,,"{""city"":""中央区"",""country"":""JP"",""geocodeAccuracy"":null,""latitude"":null,""longitude"":null,""postalCode"":""103-0016"",""state"":""東京都"",""street"":""日本橋小網町１４－１""}",,,,,,,,,,03-1234-5055,03-5793-8302,A-127648,showa-cup.example.com,/services/images/photo/0017200000biNZ8AAM,,食品卸売,33926000000,107,上場,,"【事業内容】
写真用、医療用、食用各種ゼラチンの製造販売。製本包装用、衛材用、ラベル用その他各種タイプの接着剤、ゲル化剤、安定剤、調味料等の食品材料、生化学、バイオマテリアル用コラーゲンの製造・販売。
2003年6月6日付で環境マネジメントシステムの国際規格である「ISO14001」の認証を、財団法人日本品質保証機構（JQA）より取得",将来見込み有り,本社,00572000008d2X9AAI,2025-04-17T02:07:28.000+0000,00572000008d2X9AAI,2025-04-17T02:07:28.000+0000,00572000008d2X9AAI,2025-04-17T02:07:28.000+0000,,2025-04-17T02:07:28.000+0000,2025-04-17T02:07:28.000+0000,,,Pending,,,,,,,,,
0017200000biNZ9AAM,,,株式会社レーヨンクリカー,お客様,,月島１－３－４,中央区,東京都,104-0052,JP,,,,"{""city"":""中央区"",""country"":""JP"",""geocodeAccuracy"":null,""latitude"":null,""longitude"":null,""postalCode"":""104-0052"",""state"":""東京都"",""street"":""月島１－３－４""}",,,,,,,,,,03-1234-5056,03-5793-8302,A-127524,reyon-kurica.example.com,/services/images/photo/0017200000biNZ9AAM,,食品卸売,235948000000,683,未上場,,"【事業内容】
写真用、医療用、食用各種ゼラチンの製造販売。製本包装用、衛材用、ラベル用その他各種タイプの接着剤、ゲル化剤、安定剤、調味料等の食品材料、生化学、バイオマテリアル用コラーゲンの製造・販売。
2003年6月6日付で環境マネジメントシステムの国際規格である「ISO14001」の認証を、財団法人日本品質保証機構（JQA）より取得",見込み無し,本社,00572000008d2X9AAI,2025-04-17T02:07:28.000+0000,00572000008d2X9AAI,2025-04-17T02:07:28.000+0000,00572000008d2X9AAI,2025-04-17T02:07:28.000+0000,,2025-04-17T02:07:28.000+0000,2025-04-17T02:07:28.000+0000,,,Pending,,,,,,,,,
0017200000biNZAAA2,,,後藤田建築事務所株式会社,お客様,,中央区磯辺通１丁目１－３９,神戸市,兵庫県,6510084,JP,,,,"{""city"":""神戸市"",""country"":""JP"",""geocodeAccuracy"":null,""latitude"":null,""longitude"":null,""postalCode"":""6510084"",""state"":""兵庫県"",""street"":""中央区磯辺通１丁目１－３９""}",,,,,,,,,,03-1234-5057,03-5793-8302,A-127548,gotoda-kenchiku.example.com,/services/images/photo/0017200000biNZAAA2,,製造,98619000000,1307,未上場,,"【事業内容】
写真用、医療用、食用各種ゼラチンの製造販売。製本包装用、衛材用、ラベル用その他各種タイプの接着剤、ゲル化剤、安定剤、調味料等の食品材料、生化学、バイオマテリアル用コラーゲンの製造・販売。
2003年6月6日付で環境マネジメントシステムの国際規格である「ISO14001」の認証を、財団法人日本品質保証機構（JQA）より取得",将来見込み有り,本社,00572000008d2X9AAI,2025-04-17T02:07:28.000+0000,00572000008d2X9AAI,2025-04-17T02:07:28.000+0000,00572000008d2X9AAI,2025-04-17T02:07:28.000+0000,,2025-04-17T02:07:28.000+0000,2025-04-17T02:07:28.000+0000,,,Pending,,,,,,,,,
0017200000biNZBAA2,,,三谷プラスチックス株式会社,お客様候補,,北青山２－５－８,港区,東京都,107-8627,JP,,,,"{""city"":""港区"",""country"":""JP"",""geocodeAccuracy"":null,""latitude"":null,""longitude"":null,""postalCode"":""107-8627"",""state"":""東京都"",""street"":""北青山２－５－８""}",,,,,,,,,,03-1234-5058,03-5793-8302,A-127542,mitani-plastic.example.com,/services/images/photo/0017200000biNZBAA2,,医薬品,114249000000,282,未上場,,"【事業内容】
写真用、医療用、食用各種ゼラチンの製造販売。製本包装用、衛材用、ラベル用その他各種タイプの接着剤、ゲル化剤、安定剤、調味料等の食品材料、生化学、バイオマテリアル用コラーゲンの製造・販売。
2003年6月6日付で環境マネジメントシステムの国際規格である「ISO14001」の認証を、財団法人日本品質保証機構（JQA）より取得",見込みなし,本社,00572000008d2X9AAI,2025-04-17T02:07:28.000+0000,00572000008d2X9AAI,2025-04-17T02:07:28.000+0000,00572000008d2X9AAI,2025-04-17T02:07:28.000+0000,,2025-04-17T02:07:28.000+0000,2025-04-17T02:07:28.000+0000,,,Pending,,,,,,,,,
0017200000biNZCAA2,,,太西通商株式会社,お客様候補,,霞が関３－７－１,千代田区,東京都,100-0013,JP,,,,"{""city"":""千代田区"",""country"":""JP"",""geocodeAccuracy"":null,""latitude"":null,""longitude"":null,""postalCode"":""100-0013"",""state"":""東京都"",""street"":""霞が関３－７－１""}",,,,,,,,,,03-1234-5059,03-5793-8302,A-127557,tanisi-tsusho.example.com,/services/images/photo/0017200000biNZCAA2,,公共サービス&エネルギー,85648000000,81,未上場,,"【事業内容】
写真用、医療用、食用各種ゼラチンの製造販売。製本包装用、衛材用、ラベル用その他各種タイプの接着剤、ゲル化剤、安定剤、調味料等の食品材料、生化学、バイオマテリアル用コラーゲンの製造・販売。
2003年6月6日付で環境マネジメントシステムの国際規格である「ISO14001」の認証を、財団法人日本品質保証機構（JQA）より取得",見込みなし,本社,00572000008d2X9AAI,2025-04-17T02:07:28.000+0000,00572000008d2X9AAI,2025-04-17T02:07:28.000+0000,00572000008d2X9AAI,2025-04-17T02:07:28.000+0000,,2025-04-17T02:07:28.000+0000,2025-04-17T02:07:28.000+0000,,,Pending,,,,,,,,,
0017200000biNZDAA2,,,木村田ゼミナール株式会社,お客様,,中央区都町２丁目１９－３,千葉市,千葉県,107-0052,JP,,,,"{""city"":""千葉市"",""country"":""JP"",""geocodeAccuracy"":null,""latitude"":null,""longitude"":null,""postalCode"":""107-0052"",""state"":""千葉県"",""street"":""中央区都町２丁目１９－３""}",,,,,,,,,,03-1234-5060,03-5793-8302,A-127558,kimurada-zemi.example.com,/services/images/photo/0017200000biNZDAA2,,食品,85426000000,688,上場,,"【事業内容】
写真用、医療用、食用各種ゼラチンの製造販売。製本包装用、衛材用、ラベル用その他各種タイプの接着剤、ゲル化剤、安定剤、調味料等の食品材料、生化学、バイオマテリアル用コラーゲンの製造・販売。
2003年6月6日付で環境マネジメントシステムの国際規格である「ISO14001」の認証を、財団法人日本品質保証機構（JQA）より取得",将来見込み有り,本社,00572000008d2X9AAI,2025-04-17T02:07:28.000+0000,00572000008d2X9AAI,2025-04-17T02:07:28.000+0000,00572000008d2X9AAI,2025-04-17T02:07:28.000+0000,,2025-04-17T02:07:28.000+0000,2025-04-17T02:07:28.000+0000,,,Pending,,,,,,,,,
0017200000biNZEAA2,,,古樹産業株式会社,お客様,,日本橋室町２－３－１４,中央区,東京都,103-8315,JP,,,,"{""city"":""中央区"",""country"":""JP"",""geocodeAccuracy"":null,""latitude"":null,""longitude"":null,""postalCode"":""103-8315"",""state"":""東京都"",""street"":""日本橋室町２－３－１４""}",,,,,,,,,,03-1234-5061,03-5793-8302,A-127589,furuki-sangyo.example.com,/services/images/photo/0017200000biNZEAA2,,流通&小売,75837900000,150,上場,,"【事業内容】
写真用、医療用、食用各種ゼラチンの製造販売。製本包装用、衛材用、ラベル用その他各種タイプの接着剤、ゲル化剤、安定剤、調味料等の食品材料、生化学、バイオマテリアル用コラーゲンの製造・販売。
2003年6月6日付で環境マネジメントシステムの国際規格である「ISO14001」の認証を、財団法人日本品質保証機構（JQA）より取得",見込み有り,本社,00572000008d2X9AAI,2025-04-17T02:07:28.000+0000,00572000008d2X9AAI,2025-04-17T02:07:28.000+0000,00572000008d2X9AAI,2025-04-17T02:07:28.000+0000,,2025-04-17T02:07:28.000+0000,2025-04-17T02:07:28.000+0000,,,Pending,,,,,,,,,
0017200000biNZFAA2,,,大坂貿易株式会社,お客様候補,,八丁堀２－１３－８,中央区,東京都,104-8510,JP,,,,"{""city"":""中央区"",""country"":""JP"",""geocodeAccuracy"":null,""latitude"":null,""longitude"":null,""postalCode"":""104-8510"",""state"":""東京都"",""street"":""八丁堀２－１３－８""}",,,,,,,,,,03-1234-5062,03-5793-8302,A-127590,oosaka-boeki.example.com,/services/images/photo/0017200000biNZFAA2,,流通&小売,60902000000,253,未上場,,"【事業内容】
写真用、医療用、食用各種ゼラチンの製造販売。製本包装用、衛材用、ラベル用その他各種タイプの接着剤、ゲル化剤、安定剤、調味料等の食品材料、生化学、バイオマテリアル用コラーゲンの製造・販売。
2003年6月6日付で環境マネジメントシステムの国際規格である「ISO14001」の認証を、財団法人日本品質保証機構（JQA）より取得",見込みあり：高,本社,00572000008d2X9AAI,2025-04-17T02:07:28.000+0000,00572000008d2X9AAI,2025-04-17T02:07:28.000+0000,00572000008d2X9AAI,2025-04-17T02:07:28.000+0000,,2025-04-17T02:07:28.000+0000,2025-04-17T02:07:28.000+0000,,,Pending,,,,,,,,,
0017200000biNZGAA2,,,Sample Account for Entitlements,,,,,,,,,,,,,,,,,,,,,,,,,/services/images/photo/0017200000biNZGAA2,,,,,,,,,,00572000008d2X9AAI,2025-04-17T02:07:28.000+0000,00572000008d2X9AAI,2025-04-17T02:07:28.000+0000,00572000008d2X9AAI,2025-04-17T02:07:28.000+0000,,2025-04-17T02:07:28.000+0000,2025-04-17T02:07:28.000+0000,,,Pending,,,,,,,,,
0017200000biNZHAA2,,,株式会社ヨグチ,お客様,,海岸２－１－２１,港区,東京都,105-0022,JP,,,,"{""city"":""港区"",""country"":""JP"",""geocodeAccuracy"":null,""latitude"":null,""longitude"":null,""postalCode"":""105-0022"",""state"":""東京都"",""street"":""海岸２－１－２１""}",,,,,,,,,,03-1234-5063,03-5793-8302,A-127584,yoguchi.example.com,/services/images/photo/0017200000biNZHAA2,,食品卸売,63942000000,240,未上場,,"【事業内容】
写真用、医療用、食用各種ゼラチンの製造販売。製本包装用、衛材用、ラベル用その他各種タイプの接着剤、ゲル化剤、安定剤、調味料等の食品材料、生化学、バイオマテリアル用コラーゲンの製造・販売。
2003年6月6日付で環境マネジメントシステムの国際規格である「ISO14001」の認証を、財団法人日本品質保証機構（JQA）より取得",見込み有り,本社,00572000008d2X9AAI,2025-04-17T02:07:28.000+0000,00572000008d2X9AAI,2025-04-17T02:07:28.000+0000,00572000008d2X9AAI,2025-04-17T02:07:28.000+0000,,2025-04-17T02:07:28.000+0000,2025-04-17T02:07:28.000+0000,,,Pending,,,,,,,,,
0017200000biNZIAA2,,,田中ドライブ株式会社,お客様,,守山区中新７-８－５０１,名古屋市,愛知県,108-8405,JP,,,,"{""city"":""名古屋市"",""country"":""JP"",""geocodeAccuracy"":null,""latitude"":null,""longitude"":null,""postalCode"":""108-8405"",""state"":""愛知県"",""street"":""守山区中新７-８－５０１""}",,,,,,,,,,03-1234-5064,03-5793-8302,A-127508,tanaka-drive.example.com,/services/images/photo/0017200000biNZIAA2,,流通&小売,1327335000000,1037,上場,,"【事業内容】
写真用、医療用、食用各種ゼラチンの製造販売。製本包装用、衛材用、ラベル用その他各種タイプの接着剤、ゲル化剤、安定剤、調味料等の食品材料、生化学、バイオマテリアル用コラーゲンの製造・販売。
2003年6月6日付で環境マネジメントシステムの国際規格である「ISO14001」の認証を、財団法人日本品質保証機構（JQA）より取得",見込み有り,本社,00572000008d2X9AAI,2025-04-17T02:07:28.000+0000,00572000008d2X9AAI,2025-04-17T02:07:28.000+0000,00572000008d2X9AAI,2025-04-17T02:07:28.000+0000,,2025-04-17T02:07:28.000+0000,2025-04-17T02:07:28.000+0000,,,Pending,,,,,,,,,
0017200000biNZJAA2,,,平成トレーダー株式会社,パートナー,,西区高島２－６－３２,横浜市,神奈川県,220-0011,JP,,,,"{""city"":""横浜市"",""country"":""JP"",""geocodeAccuracy"":null,""latitude"":null,""longitude"":null,""postalCode"":""220-0011"",""state"":""神奈川県"",""street"":""西区高島２－６－３２""}",,,,,,,,,,03-1234-5065,03-5793-8302,A-127535,heisei-trader.example.com,/services/images/photo/0017200000biNZJAA2,,流通&小売,137331000000,223,上場,,"【事業内容】
写真用、医療用、食用各種ゼラチンの製造販売。製本包装用、衛材用、ラベル用その他各種タイプの接着剤、ゲル化剤、安定剤、調味料等の食品材料、生化学、バイオマテリアル用コラーゲンの製造・販売。
2003年6月6日付で環境マネジメントシステムの国際規格である「ISO14001」の認証を、財団法人日本品質保証機構（JQA）より取得",見込みあり：中,本社,00572000008d2X9AAI,2025-04-17T02:07:28.000+0000,00572000008d2X9AAI,2025-04-17T02:07:28.000+0000,00572000008d2X9AAI,2025-04-17T02:07:28.000+0000,,2025-04-17T02:07:28.000+0000,2025-04-17T02:07:28.000+0000,,,Pending,,,,,,,,,
0017200000biNZKAA2,,,大帝国商事株式会社,旧お客様,,神田神保町３－５,千代田区,東京都,101-8423,JP,,,,"{""city"":""千代田区"",""country"":""JP"",""geocodeAccuracy"":null,""latitude"":null,""longitude"":null,""postalCode"":""101-8423"",""state"":""東京都"",""street"":""神田神保町３－５""}",,,,,,,,,,03-1234-5066,03-5793-8302,A-127536,daiteikoku-shoji.example.com,/services/images/photo/0017200000biNZKAA2,,流通&小売,125730000000,400,未上場,,"【事業内容】
写真用、医療用、食用各種ゼラチンの製造販売。製本包装用、衛材用、ラベル用その他各種タイプの接着剤、ゲル化剤、安定剤、調味料等の食品材料、生化学、バイオマテリアル用コラーゲンの製造・販売。
2003年6月6日付で環境マネジメントシステムの国際規格である「ISO14001」の認証を、財団法人日本品質保証機構（JQA）より取得",見込みなし,本社,00572000008d2X9AAI,2025-04-17T02:07:28.000+0000,00572000008d2X9AAI,2025-04-17T02:07:28.000+0000,00572000008d2X9AAI,2025-04-17T02:07:28.000+0000,,2025-04-17T02:07:28.000+0000,2025-04-17T02:07:28.000+0000,,,Pending,,,,,,,,,
0017200000biNZLAA2,,,株式会社森谷川商会,旧お客様,,八重洲１－４－２２,中央区,東京都,103-8680,JP,,,,"{""city"":""中央区"",""country"":""JP"",""geocodeAccuracy"":null,""latitude"":null,""longitude"":null,""postalCode"":""103-8680"",""state"":""東京都"",""street"":""八重洲１－４－２２""}",,,,,,,,,,03-1234-5067,03-5793-8302,A-127551,moritanikawa-shokai.example.com,/services/images/photo/0017200000biNZLAA2,,精密・機械卸売,94517000000,671,未上場,,"【事業内容】
写真用、医療用、食用各種ゼラチンの製造販売。製本包装用、衛材用、ラベル用その他各種タイプの接着剤、ゲル化剤、安定剤、調味料等の食品材料、生化学、バイオマテリアル用コラーゲンの製造・販売。
2003年6月6日付で環境マネジメントシステムの国際規格である「ISO14001」の認証を、財団法人日本品質保証機構（JQA）より取得",見込みあり：高,本社,00572000008d2X9AAI,2025-04-17T02:07:28.000+0000,00572000008d2X9AAI,2025-04-17T02:07:28.000+0000,00572000008d2X9AAI,2025-04-17T02:07:28.000+0000,,2025-04-17T02:07:28.000+0000,2025-04-17T02:07:28.000+0000,,,Pending,,,,,,,,,
0017200000biNZMAA2,,,曙機材株式会社,お客様,,日本橋３－６－２,中央区,東京都,103-0027,JP,,,,"{""city"":""中央区"",""country"":""JP"",""geocodeAccuracy"":null,""latitude"":null,""longitude"":null,""postalCode"":""103-0027"",""state"":""東京都"",""street"":""日本橋３－６－２""}",,,,,,,,,,03-1234-5068,03-5793-8302,A-127654,akebono-kizai.example.com,/services/images/photo/0017200000biNZMAA2,,流通&小売,33120000000,252,上場,,"【事業内容】
写真用、医療用、食用各種ゼラチンの製造販売。製本包装用、衛材用、ラベル用その他各種タイプの接着剤、ゲル化剤、安定剤、調味料等の食品材料、生化学、バイオマテリアル用コラーゲンの製造・販売。
2003年6月6日付で環境マネジメントシステムの国際規格である「ISO14001」の認証を、財団法人日本品質保証機構（JQA）より取得",見込み有り,本社,00572000008d2X9AAI,2025-04-17T02:07:28.000+0000,00572000008d2X9AAI,2025-04-17T02:07:28.000+0000,00572000008d2X9AAI,2025-04-17T02:07:28.000+0000,,2025-04-17T02:07:28.000+0000,2025-04-17T02:07:28.000+0000,,,Pending,,,,,,,,,
0017200000biNZNAA2,,,丸田無線電機株式会社,旧お客様,,外神田３－１３－５,千代田区,東京都,101-0021,JP,,,,"{""city"":""千代田区"",""country"":""JP"",""geocodeAccuracy"":null,""latitude"":null,""longitude"":null,""postalCode"":""101-0021"",""state"":""東京都"",""street"":""外神田３－１３－５""}",,,,,,,,,,03-1234-5069,03-5793-8302,A-127636,maruta-musen.example.com,/services/images/photo/0017200000biNZNAA2,,電機卸売,37083000000,329,上場,,"【事業内容】
写真用、医療用、食用各種ゼラチンの製造販売。製本包装用、衛材用、ラベル用その他各種タイプの接着剤、ゲル化剤、安定剤、調味料等の食品材料、生化学、バイオマテリアル用コラーゲンの製造・販売。
2003年6月6日付で環境マネジメントシステムの国際規格である「ISO14001」の認証を、財団法人日本品質保証機構（JQA）より取得",見込みあり：高,本社,00572000008d2X9AAI,2025-04-17T02:07:28.000+0000,00572000008d2X9AAI,2025-04-17T02:07:28.000+0000,00572000008d2X9AAI,2025-04-17T02:07:28.000+0000,,2025-04-17T02:07:28.000+0000,2025-04-17T02:07:28.000+0000,,,Pending,,,,,,,,,
0017200000biNZOAA2,,,大東京エンジニアリング株式会社,お客様,,銀座５－１２－８,中央区,東京都,104-0061,JP,,,,"{""city"":""中央区"",""country"":""JP"",""geocodeAccuracy"":null,""latitude"":null,""longitude"":null,""postalCode"":""104-0061"",""state"":""東京都"",""street"":""銀座５－１２－８""}",,,,,,,,,,03-1234-5070,03-5793-8302,A-127629,daitokyo-engineering.example.com,/services/images/photo/0017200000biNZOAA2,,製造,42238000000,1103,未上場,,"【事業内容】
写真用、医療用、食用各種ゼラチンの製造販売。製本包装用、衛材用、ラベル用その他各種タイプの接着剤、ゲル化剤、安定剤、調味料等の食品材料、生化学、バイオマテリアル用コラーゲンの製造・販売。
2003年6月6日付で環境マネジメントシステムの国際規格である「ISO14001」の認証を、財団法人日本品質保証機構（JQA）より取得",見込み無し,本社,00572000008d2X9AAI,2025-04-17T02:07:28.000+0000,00572000008d2X9AAI,2025-04-17T02:07:28.000+0000,00572000008d2X9AAI,2025-04-17T02:07:28.000+0000,,2025-04-17T02:07:28.000+0000,2025-04-17T02:07:28.000+0000,,,Pending,,,,,,,,,
0017200000biNZPAA2,,,イビン産業（株）,お客様,,内原1丁目197,大垣市,愛知県,503-0936,JP,,,,"{""city"":""大垣市"",""country"":""JP"",""geocodeAccuracy"":null,""latitude"":null,""longitude"":null,""postalCode"":""503-0936"",""state"":""愛知県"",""street"":""内原1丁目197""}",,,,,,,,,,03-1234-5071,0584-89-0777,A-127644,ibin-sangyo.example.com,/services/images/photo/0017200000biNZPAA2,,流通&小売,34492000000,610,未上場,,"【事業内容】
写真用、医療用、食用各種ゼラチンの製造販売。製本包装用、衛材用、ラベル用その他各種タイプの接着剤、ゲル化剤、安定剤、調味料等の食品材料、生化学、バイオマテリアル用コラーゲンの製造・販売。",将来見込み有り,本社,00572000008d2X9AAI,2025-04-17T02:07:28.000+0000,00572000008d2X9AAI,2025-04-17T02:07:28.000+0000,00572000008d2X9AAI,2025-04-17T02:07:28.000+0000,,2025-04-17T02:07:28.000+0000,2025-04-17T02:07:28.000+0000,,,Pending,,,,,,,,,
0017200000biNZQAA2,,,曙橋産業株式会社,旧お客様,,日本橋本石町１－１－６,中央区,東京都,103-0021,JP,,,,"{""city"":""中央区"",""country"":""JP"",""geocodeAccuracy"":null,""latitude"":null,""longitude"":null,""postalCode"":""103-0021"",""state"":""東京都"",""street"":""日本橋本石町１－１－６""}",,,,,,,,,,03-1234-5072,03-5793-8302,A-127616,akebonobashi-sangyo.example.com,/services/images/photo/0017200000biNZQAA2,,流通&小売,46040000000,343,上場,,"【事業内容】
写真用、医療用、食用各種ゼラチンの製造販売。製本包装用、衛材用、ラベル用その他各種タイプの接着剤、ゲル化剤、安定剤、調味料等の食品材料、生化学、バイオマテリアル用コラーゲンの製造・販売。
2003年6月6日付で環境マネジメントシステムの国際規格である「ISO14001」の認証を、財団法人日本品質保証機構（JQA）より取得",見込みあり：中,本社,00572000008d2X9AAI,2025-04-17T02:07:28.000+0000,00572000008d2X9AAI,2025-04-17T02:07:28.000+0000,00572000008d2X9AAI,2025-04-17T02:07:28.000+0000,,2025-04-17T02:07:28.000+0000,2025-04-17T02:07:28.000+0000,,,Pending,,,,,,,,,
0017200000biNZRAA2,,,株式会社萌商会,パートナー,,南蒲田１－１－２５,大田区,東京都,144-8505,JP,,,,"{""city"":""大田区"",""country"":""JP"",""geocodeAccuracy"":null,""latitude"":null,""longitude"":null,""postalCode"":""144-8505"",""state"":""東京都"",""street"":""南蒲田１－１－２５""}",,,,,,,,,,03-1234-5073,03-5793-8302,A-127592,moe-shokai.example.com,/services/images/photo/0017200000biNZRAA2,,医薬品,59166000000,740,上場,,"【事業内容】
写真用、医療用、食用各種ゼラチンの製造販売。製本包装用、衛材用、ラベル用その他各種タイプの接着剤、ゲル化剤、安定剤、調味料等の食品材料、生化学、バイオマテリアル用コラーゲンの製造・販売。
2003年6月6日付で環境マネジメントシステムの国際規格である「ISO14001」の認証を、財団法人日本品質保証機構（JQA）より取得",見込みあり：中,本社,00572000008d2X9AAI,2025-04-17T02:07:28.000+0000,00572000008d2X9AAI,2025-04-17T02:07:28.000+0000,00572000008d2X9AAI,2025-04-17T02:07:28.000+0000,,2025-04-17T02:07:28.000+0000,2025-04-17T02:07:28.000+0000,,,Pending,,,,,,,,,
0017200000biNZSAA2,,,株式会社ステンレスセンター,パートナー,,内神田２－３－４,千代田区,東京都,101-0047,JP,,,,"{""city"":""千代田区"",""country"":""JP"",""geocodeAccuracy"":null,""latitude"":null,""longitude"":null,""postalCode"":""101-0047"",""state"":""東京都"",""street"":""内神田２－３－４""}",,,,,,,,,,03-1234-5074,03-5793-8302,A-127608,stainless-center.example.com,/services/images/photo/0017200000biNZSAA2,,鉄鋼・金属卸売,52156000000,263,未上場,,"【事業内容】
写真用、医療用、食用各種ゼラチンの製造販売。製本包装用、衛材用、ラベル用その他各種タイプの接着剤、ゲル化剤、安定剤、調味料等の食品材料、生化学、バイオマテリアル用コラーゲンの製造・販売。
2003年6月6日付で環境マネジメントシステムの国際規格である「ISO14001」の認証を、財団法人日本品質保証機構（JQA）より取得",見込みなし,本社,00572000008d2X9AAI,2025-04-17T02:07:28.000+0000,00572000008d2X9AAI,2025-04-17T02:07:28.000+0000,00572000008d2X9AAI,2025-04-17T02:07:28.000+0000,,2025-04-17T02:07:28.000+0000,2025-04-17T02:07:28.000+0000,,,Pending,,,,,,,,,
0017200000biNZTAA2,,,株式会社月光堂,お客様,,板橋２－６５－８,板橋区,東京都,173-0004,JP,,,,"{""city"":""板橋区"",""country"":""JP"",""geocodeAccuracy"":null,""latitude"":null,""longitude"":null,""postalCode"":""173-0004"",""state"":""東京都"",""street"":""板橋２－６５－８""}",,,,,,,,,,03-1234-5075,03-5793-8302,A-127538,gekkodo.example.com,/services/images/photo/0017200000biNZTAA2,,流通&小売,122497000000,534,上場,,"【事業内容】
写真用、医療用、食用各種ゼラチンの製造販売。製本包装用、衛材用、ラベル用その他各種タイプの接着剤、ゲル化剤、安定剤、調味料等の食品材料、生化学、バイオマテリアル用コラーゲンの製造・販売。
2003年6月6日付で環境マネジメントシステムの国際規格である「ISO14001」の認証を、財団法人日本品質保証機構（JQA）より取得",見込み有り,本社,00572000008d2X9AAI,2025-04-17T02:07:28.000+0000,00572000008d2X9AAI,2025-04-17T02:07:28.000+0000,00572000008d2X9AAI,2025-04-17T02:07:28.000+0000,,2025-04-17T02:07:28.000+0000,2025-04-17T02:07:28.000+0000,,,Pending,,,,,,,,,
0017200000biNZUAA2,,,株式会社佐田工業,お客様候補,,大宮区桜木町4-383,さいたま市,愛知県,330-0854,JP,,,,"{""city"":""さいたま市"",""country"":""JP"",""geocodeAccuracy"":null,""latitude"":null,""longitude"":null,""postalCode"":""330-0854"",""state"":""愛知県"",""street"":""大宮区桜木町4-383""}",,,,,,,,,,03-1234-5076,03-5793-8302,A-127552,sada-kogyo.example.com,/services/images/photo/0017200000biNZUAA2,,医薬品,93450000000,3452,上場,,"【事業内容】
写真用、医療用、食用各種ゼラチンの製造販売。製本包装用、衛材用、ラベル用その他各種タイプの接着剤、ゲル化剤、安定剤、調味料等の食品材料、生化学、バイオマテリアル用コラーゲンの製造・販売。
2003年6月6日付で環境マネジメントシステムの国際規格である「ISO14001」の認証を、財団法人日本品質保証機構（JQA）より取得",見込みあり：高,本社,00572000008d2X9AAI,2025-04-17T02:07:28.000+0000,00572000008d2X9AAI,2025-04-17T02:07:28.000+0000,00572000008d2X9AAI,2025-04-17T02:07:28.000+0000,,2025-04-17T02:07:28.000+0000,2025-04-17T02:07:28.000+0000,,,Pending,,,,,,,,,
0017200000biNZVAA2,,,株式会社四川商会222,パートナー,,中央1丁目12-36,甲府市,愛知県,400-0032,JP,,,,"{""city"":""甲府市"",""country"":""JP"",""geocodeAccuracy"":null,""latitude"":null,""longitude"":null,""postalCode"":""400-0032"",""state"":""愛知県"",""street"":""中央1丁目12-36""}",,,,,,,,,,03-1234-5077,03-5793-8302,A-127615,yotsukawa-shokai.example.com,/services/images/photo/0017200000biNZVAA2,,流通&小売,46377000000,197,上場,,"【事業内容】
写真用、医療用、食用各種ゼラチンの製造販売。製本包装用、衛材用、ラベル用その他各種タイプの接着剤、ゲル化剤、安定剤、調味料等の食品材料、生化学、バイオマテリアル用コラーゲンの製造・販売。
2003年6月6日付で環境マネジメントシステムの国際規格である「ISO14001」の認証を、財団法人日本品質保証機構（JQA）より取得",見込みあり：高,本社,00572000008d2X9AAI,2025-04-17T02:07:28.000+0000,00572000008d2X9AAI,2025-04-17T02:07:28.000+0000,00572000008d2X9AAI,2025-04-17T02:07:28.000+0000,,2025-04-17T02:07:28.000+0000,2025-04-17T02:07:28.000+0000,,,Pending,,,,,,,,,
0017200000biNZWAA2,,,江角輸送機株式会社,旧お客様,,大手町１－２－３,千代田区,東京都,100-0004,JP,,,,"{""city"":""千代田区"",""country"":""JP"",""geocodeAccuracy"":null,""latitude"":null,""longitude"":null,""postalCode"":""100-0004"",""state"":""東京都"",""street"":""大手町１－２－３""}",,,,,,,,,,03-1234-5078,03-5793-8302,A-127651,esumi-yuso.example.com,/services/images/photo/0017200000biNZWAA2,,流通&小売,33470000000,35,上場,,"【事業内容】
写真用、医療用、食用各種ゼラチンの製造販売。製本包装用、衛材用、ラベル用その他各種タイプの接着剤、ゲル化剤、安定剤、調味料等の食品材料、生化学、バイオマテリアル用コラーゲンの製造・販売。
2003年6月6日付で環境マネジメントシステムの国際規格である「ISO14001」の認証を、財団法人日本品質保証機構（JQA）より取得",見込みあり：高,本社,00572000008d2X9AAI,2025-04-17T02:07:28.000+0000,00572000008d2X9AAI,2025-04-17T02:07:28.000+0000,00572000008d2X9AAI,2025-04-17T02:07:28.000+0000,,2025-04-17T02:07:28.000+0000,2025-04-17T02:07:28.000+0000,,,Pending,,,,,,,,,
0017200000biNZXAA2,,,日本デトロイト・インスルメント株式会社,お客様,,西新宿６－２４－１,新宿区,東京都,160-8366,JP,,,,"{""city"":""新宿区"",""country"":""JP"",""geocodeAccuracy"":null,""latitude"":null,""longitude"":null,""postalCode"":""160-8366"",""state"":""東京都"",""street"":""西新宿６－２４－１""}",,,,,,,,,,03-1234-5079,03-5793-8302,A-127519,detroit-ins.example.com,/services/images/photo/0017200000biNZXAA2,,製造,264841000000,3300,上場,,"【事業内容】
写真用、医療用、食用各種ゼラチンの製造販売。製本包装用、衛材用、ラベル用その他各種タイプの接着剤、ゲル化剤、安定剤、調味料等の食品材料、生化学、バイオマテリアル用コラーゲンの製造・販売。
2003年6月6日付で環境マネジメントシステムの国際規格である「ISO14001」の認証を、財団法人日本品質保証機構（JQA）より取得",見込み有り,本社,00572000008d2X9AAI,2025-04-17T02:07:28.000+0000,00572000008d2X9AAI,2025-04-17T02:07:28.000+0000,00572000008d2X9AAI,2025-04-17T02:07:28.000+0000,,2025-04-17T02:07:28.000+0000,2025-04-17T02:07:28.000+0000,,,Pending,,,,,,,,,
0017200000biNZYAA2,,,初芝ライテック株式会社,お客様,,東品川４－３－１,品川区,東京都,140-8640,JP,,,,"{""city"":""品川区"",""country"":""JP"",""geocodeAccuracy"":null,""latitude"":null,""longitude"":null,""postalCode"":""140-8640"",""state"":""東京都"",""street"":""東品川４－３－１""}",,,,,,,,,,03-1234-5000,03-5793-8302,A-127537,hatsushiba-lilac.example.com,/services/images/photo/0017200000biNZYAA2,,製造,125369000000,,上場,,"【事業内容】
写真用、医療用、食用各種ゼラチンの製造販売。製本包装用、衛材用、ラベル用その他各種タイプの接着剤、ゲル化剤、安定剤、調味料等の食品材料、生化学、バイオマテリアル用コラーゲンの製造・販売。
2003年6月6日付で環境マネジメントシステムの国際規格である「ISO14001」の認証を、財団法人日本品質保証機構（JQA）より取得",将来見込み有り,本社,00572000008d2X9AAI,2025-04-17T02:07:28.000+0000,00572000008d2X9AAI,2025-04-17T02:07:28.000+0000,00572000008d2X9AAI,2025-04-17T02:07:28.000+0000,,2025-04-17T02:07:28.000+0000,2025-04-17T02:07:28.000+0000,,,Pending,,,,,,,,,
0017200000biNZZAA2,,,ドラゴンファーマ株式会社,パートナー,,大字南長野県町４５１,長野市,長野県,106-8618,JP,,,,"{""city"":""長野市"",""country"":""JP"",""geocodeAccuracy"":null,""latitude"":null,""longitude"":null,""postalCode"":""106-8618"",""state"":""長野県"",""street"":""大字南長野県町４５１""}",,,,,,,,,,03-1234-5002,03-5793-8302,A-127530,dragonfarma.example.com,/services/images/photo/0017200000biNZZAA2,,医薬品,183700000000,3024,未上場,,"【事業内容】
写真用、医療用、食用各種ゼラチンの製造販売。製本包装用、衛材用、ラベル用その他各種タイプの接着剤、ゲル化剤、安定剤、調味料等の食品材料、生化学、バイオマテリアル用コラーゲンの製造・販売。
2003年6月6日付で環境マネジメントシステムの国際規格である「ISO14001」の認証を、財団法人日本品質保証機構（JQA）より取得",見込みあり：高,本社,00572000008d2X9AAI,2025-04-17T02:07:28.000+0000,00572000008d2X9AAI,2025-04-17T02:07:28.000+0000,00572000008d2X9AAI,2025-04-17T02:07:28.000+0000,,2025-04-17T02:07:28.000+0000,2025-04-17T02:07:28.000+0000,,,Pending,,,,,,,,,
0017200000biNZaAAM,,,バブテック平成株式会社,旧お客様,,浜松町２－４－１,港区,東京都,105-6107,JP,,,,"{""city"":""港区"",""country"":""JP"",""geocodeAccuracy"":null,""latitude"":null,""longitude"":null,""postalCode"":""105-6107"",""state"":""東京都"",""street"":""浜松町２－４－１""}",,,,,,,,,,03-1234-5003,03-5793-8302,A-127546,pubtech-heisei.example.com,/services/images/photo/0017200000biNZaAAM,,製造,104111000000,1191,上場,,"【事業内容】
写真用、医療用、食用各種ゼラチンの製造販売。製本包装用、衛材用、ラベル用その他各種タイプの接着剤、ゲル化剤、安定剤、調味料等の食品材料、生化学、バイオマテリアル用コラーゲンの製造・販売。
2003年6月6日付で環境マネジメントシステムの国際規格である「ISO14001」の認証を、財団法人日本品質保証機構（JQA）より取得",見込みあり：高,本社,00572000008d2X9AAI,2025-04-17T02:07:28.000+0000,00572000008d2X9AAI,2025-04-17T02:07:28.000+0000,00572000008d2X9AAI,2025-04-17T02:07:28.000+0000,,2025-04-17T02:07:28.000+0000,2025-04-17T02:07:28.000+0000,,,Pending,,,,,,,,,
0017200000biNZbAAM,,,株式会社平成インダストリイズ,お客様候補,,中川４－１３－１７,足立区,東京都,120-0002,JP,,,,"{""city"":""足立区"",""country"":""JP"",""geocodeAccuracy"":null,""latitude"":null,""longitude"":null,""postalCode"":""120-0002"",""state"":""東京都"",""street"":""中川４－１３－１７""}",,,,,,,,,,03-1234-5004,03-5793-8302,A-127562,heisei-industry.example.com,/services/images/photo/0017200000biNZbAAM,,製造,81297000000,1779,上場,,"【事業内容】
写真用、医療用、食用各種ゼラチンの製造販売。製本包装用、衛材用、ラベル用その他各種タイプの接着剤、ゲル化剤、安定剤、調味料等の食品材料、生化学、バイオマテリアル用コラーゲンの製造・販売。
2003年6月6日付で環境マネジメントシステムの国際規格である「ISO14001」の認証を、財団法人日本品質保証機構（JQA）より取得",見込みあり：中,本社,00572000008d2X9AAI,2025-04-17T02:07:28.000+0000,00572000008d2X9AAI,2025-04-17T02:07:28.000+0000,00572000008d2X9AAI,2025-04-17T02:07:28.000+0000,,2025-04-17T02:07:28.000+0000,2025-04-17T02:07:28.000+0000,,,Pending,,,,,,,,,
0017200000biNZcAAM,,,株式会社中縞商店,パートナー,,渋谷１－４－１３,渋谷区,東京都,150-0002,JP,,,,"{""city"":""渋谷区"",""country"":""JP"",""geocodeAccuracy"":null,""latitude"":null,""longitude"":null,""postalCode"":""150-0002"",""state"":""東京都"",""street"":""渋谷１－４－１３""}",,,,,,,,,,03-1234-5005,03-5793-8302,A-127610,nakashima-shoten.example.com,/services/images/photo/0017200000biNZcAAM,,食品卸売,50504000000,143,上場,,"【事業内容】
写真用、医療用、食用各種ゼラチンの製造販売。製本包装用、衛材用、ラベル用その他各種タイプの接着剤、ゲル化剤、安定剤、調味料等の食品材料、生化学、バイオマテリアル用コラーゲンの製造・販売。
2003年6月6日付で環境マネジメントシステムの国際規格である「ISO14001」の認証を、財団法人日本品質保証機構（JQA）より取得",見込みあり：高,本社,00572000008d2X9AAI,2025-04-17T02:07:28.000+0000,00572000008d2X9AAI,2025-04-17T02:07:28.000+0000,00572000008d2X9AAI,2025-04-17T02:07:28.000+0000,,2025-04-17T02:07:28.000+0000,2025-04-17T02:07:28.000+0000,,,Pending,,,,,,,,,
0017200000biNZdAAM,,,Sample Account for Entitlements,,,,,,,,,,,,,,,,,,,,,,,,,/services/images/photo/0017200000biNZdAAM,,,,,,,,,,00572000008d2X9AAI,2025-04-17T02:07:28.000+0000,00572000008d2X9AAI,2025-04-17T02:07:28.000+0000,00572000008d2X9AAI,2025-04-17T02:07:28.000+0000,,2025-04-17T02:07:28.000+0000,2025-04-17T02:07:28.000+0000,,,Pending,,,,,,,,,
0017200000biNZeAAM,,,Sample Account for Entitlements,,,,,,,,,,,,,,,,,,,,,,,,,/services/images/photo/0017200000biNZeAAM,,,,,,,,,,00572000008d2X9AAI,2025-04-17T02:07:28.000+0000,00572000008d2X9AAI,2025-04-17T02:07:28.000+0000,00572000008d2X9AAI,2025-04-17T02:07:28.000+0000,,2025-04-17T02:07:28.000+0000,2025-04-17T02:07:28.000+0000,,,Pending,,,,,,,,,
0017200000biNZfAAM,,,Sample Account for Entitlements,,,,,,,,,,,,,,,,,,,,,,,,,/services/images/photo/0017200000biNZfAAM,,,,,,,,,,00572000008d2X9AAI,2025-04-17T02:07:28.000+0000,00572000008d2X9AAI,2025-04-17T02:07:28.000+0000,00572000008d2X9AAI,2025-04-17T02:07:28.000+0000,,2025-04-17T02:07:28.000+0000,2025-04-17T02:07:28.000+0000,,,Pending,,,,,,,,,
0017200000biNZgAAM,,,Sample Account for Entitlements,,,,,,,,,,,,,,,,,,,,,,,,,/services/images/photo/0017200000biNZgAAM,,,,,,,,,,00572000008d2X9AAI,2025-04-17T02:07:28.000+0000,00572000008d2X9AAI,2025-04-17T02:07:28.000+0000,00572000008d2X9AAI,2025-04-17T02:07:28.000+0000,,2025-04-17T02:07:28.000+0000,2025-04-17T02:07:28.000+0000,,,Pending,,,,,,,,,
0017200000biNZhAAM,,,Sample Account for Entitlements,,,,,,,,,,,,,,,,,,,,,,,,,/services/images/photo/0017200000biNZhAAM,,,,,,,,,,00572000008d2X9AAI,2025-04-17T02:07:28.000+0000,00572000008d2X9AAI,2025-04-17T02:07:28.000+0000,00572000008d2X9AAI,2025-04-17T02:07:28.000+0000,,2025-04-17T02:07:28.000+0000,2025-04-17T02:07:28.000+0000,,,Pending,,,,,,,,,
