Id,OwnerId,IsDeleted,Name,CreatedDate,CreatedById,LastModifiedDate,LastModifiedById,SystemModstamp,LastActivityDate,Address__c,Amenities__c,Bathrooms__c,Bedrooms__c,Beds__c,ImageURL__c,PricePerDay__c,Private__c,PropertyType__c
a06BK000005PF5tYAG,005BK00000205bFYAQ,,Grand Hotel,2023-07-03T07:33:28.000+0000,005BK00000205bFYAQ,2023-07-03T07:43:42.000+0000,005BK00000205bFYAQ,2023-07-03T07:43:42.000+0000,,"USA, CA, Los Angeles, 123 Main St",Wi-Fi;Air Conditioner;TV,2,2,2,https://images.unsplash.com/photo-1644027622521-d0ca669c40d7?ixlib=rb-4.0.3&ixid=M3wxMjA3fDB8MHxzZWFyY2h8MXx8YWlyYm5ifGVufDB8MHw0fHx8Mg%3D%3D&w=1000&q=80,250,1,Hotel
a06BK000005PF5uYAG,005BK00000205bFYAQ,,Central Park View,2023-07-03T07:33:28.000+0000,005BK00000205bFYAQ,2023-07-03T07:43:42.000+0000,005BK00000205bFYAQ,2023-07-03T07:43:42.000+0000,,"USA, NY, New York, 456 Elm St",Wi-Fi;Kitchen;TV;Iron,1,1,1,https://images.unsplash.com/profile-1644026408459-f62fb3d4a22dimage?auto=format&fit=crop&w=32&h=32&q=60&crop=faces&bg=fff,350,,Hotel
a06BK000005PF5vYAG,005BK00000205bFYAQ,,Cozy Downtown Loft,2023-07-03T07:33:28.000+0000,005BK00000205bFYAQ,2023-07-03T07:43:42.000+0000,005BK00000205bFYAQ,2023-07-03T07:43:42.000+0000,,"USA, TX, Austin, 789 Oak St",Wi-Fi;Washer;Dryer;Dedicated Workspace,3,3,2,https://images.unsplash.com/photo-1616258417209-66c77488f9a1?ixlib=rb-4.0.3&ixid=M3wxMjA3fDB8MHxzZWFyY2h8NHx8YWlyYm5ifGVufDB8MHw0fHx8Mg%3D%3D&w=1000&q=80,150,1,Apartment
a06BK000005PF5wYAG,005BK00000205bFYAQ,,Beachfront Villa,2023-07-03T07:33:28.000+0000,005BK00000205bFYAQ,2023-07-03T07:43:42.000+0000,005BK00000205bFYAQ,2023-07-03T07:43:42.000+0000,,"USA, FL, Miami, 321 Pine St",Air Conditioner;Kitchen;Heating;TV;Iron,4,4,3,https://images.unsplash.com/profile-1613240527436-1c95e145f379image?auto=format&fit=crop&w=32&h=32&q=60&crop=faces&bg=fff,500,,House
a06BK000005PF5xYAG,005BK00000205bFYAQ,,Serene Retreat,2023-07-03T07:33:28.000+0000,005BK00000205bFYAQ,2023-07-03T07:43:42.000+0000,005BK00000205bFYAQ,2023-07-03T07:43:42.000+0000,,"USA, HI, Honolulu, 987 Maple St",Wi-Fi;Air Conditioner;TV,1,1,1,https://images.unsplash.com/photo-1618572195571-1fdd75cd7add?ixlib=rb-4.0.3&ixid=M3wxMjA3fDB8MHxzZWFyY2h8N3x8YWlyYm5ifGVufDB8MHw0fHx8Mg%3D%3D&w=1000&q=80,200,1,Guesthouse
a06BK000005PF5yYAG,005BK00000205bFYAQ,,Riverside Retreat,2023-07-03T07:33:28.000+0000,005BK00000205bFYAQ,2023-07-03T07:43:42.000+0000,005BK00000205bFYAQ,2023-07-03T07:43:42.000+0000,,"USA, OR, Portland, 789 River Rd",Wi-Fi;Washer;Air Conditioner;Kitchen,2,2,1,https://images.unsplash.com/profile-1616757533689-9306883cd99cimage?auto=format&fit=crop&w=32&h=32&q=60&crop=faces&bg=fff,120,1,House
a06BK000005PF5zYAG,005BK00000205bFYAQ,,Urban Oasis,2023-07-03T07:33:28.000+0000,005BK00000205bFYAQ,2023-07-03T07:43:42.000+0000,005BK00000205bFYAQ,2023-07-03T07:43:42.000+0000,,"USA, IL, Chicago, 456 Oak Ave",Wi-Fi;Washer;Dryer;Dedicated Workspace,1,1,1,https://images.unsplash.com/photo-1659720879195-d5a108231648?ixlib=rb-4.0.3&ixid=M3wxMjA3fDB8MHxzZWFyY2h8MTB8fGFpcmJuYnxlbnwwfDB8NHx8fDI%3D&w=1000&q=80,180,1,Apartment
a06BK000005PF60YAG,005BK00000205bFYAQ,,Mountain View Lodge,2023-07-03T07:33:28.000+0000,005BK00000205bFYAQ,2023-07-03T07:43:42.000+0000,005BK00000205bFYAQ,2023-07-03T07:43:42.000+0000,,"USA, CO, Denver, 123 Mountain St",Wi-Fi;Air Conditioner;Heating;TV;Iron,4,4,3,https://images.unsplash.com/profile-1666027165666-57135f812f36?auto=format&fit=crop&w=32&h=32&q=60&crop=faces&bg=fff,300,,House
a06BK000005PF61YAG,005BK00000205bFYAQ,,Lakeside Villa,2023-07-03T07:33:28.000+0000,005BK00000205bFYAQ,2023-07-03T07:43:42.000+0000,005BK00000205bFYAQ,2023-07-03T07:43:42.000+0000,,"USA, MN, Minneapolis, 789 Lake Dr",Wi-Fi;Kitchen;TV;Iron,3,3,2,https://images.unsplash.com/photo-1517376645842-621781236d29?ixlib=rb-4.0.3&ixid=M3wxMjA3fDB8MHxzZWFyY2h8MTN8fGFpcmJuYnxlbnwwfDB8NHx8fDI%3D&w=1000&q=80,220,1,House
a06BK000005PF62YAG,005BK00000205bFYAQ,,Boutique Inn,2023-07-03T07:33:28.000+0000,005BK00000205bFYAQ,2023-07-03T07:43:42.000+0000,005BK00000205bFYAQ,2023-07-03T07:43:42.000+0000,,"USA, NV, Las Vegas, 456 Main St",Wi-Fi;Air Conditioner;Dedicated Workspace;TV,6,5,5,https://images.unsplash.com/profile-1555277039024-5adbf6434151?auto=format&fit=crop&w=32&h=32&q=60&crop=faces&bg=fff,400,,Hotel
a06BK000005PF63YAG,005BK00000205bFYAQ,,Coastal Retreat,2023-07-03T07:33:28.000+0000,005BK00000205bFYAQ,2023-07-03T07:43:42.000+0000,005BK00000205bFYAQ,2023-07-03T07:43:42.000+0000,,"USA, CA, San Diego, 123 Ocean Ave",Wi-Fi;Washer;Air Conditioner;Kitchen,2,2,2,https://images.unsplash.com/photo-1608501200353-ecd2af428da3?ixlib=rb-4.0.3&ixid=M3wxMjA3fDB8MHxzZWFyY2h8MTd8fGFpcmJuYnxlbnwwfDB8NHx8fDI%3D&w=1000&q=80,180,1,House
a06BK000005PF64YAG,005BK00000205bFYAQ,,City View Condo,2023-07-03T07:33:28.000+0000,005BK00000205bFYAQ,2023-07-03T07:43:42.000+0000,005BK00000205bFYAQ,2023-07-03T07:43:42.000+0000,,"USA, NY, Brooklyn, 456 City St",Wi-Fi;Kitchen;TV;Iron,1,1,1,https://images.unsplash.com/profile-1613240527436-1c95e145f379image?auto=format&fit=crop&w=32&h=32&q=60&crop=faces&bg=fff,250,,Apartment
a06BK000005PF65YAG,005BK00000205bFYAQ,,Luxury Penthouse,2023-07-03T07:33:28.000+0000,005BK00000205bFYAQ,2023-07-03T07:43:42.000+0000,005BK00000205bFYAQ,2023-07-03T07:43:42.000+0000,,"USA, FL, Miami, 789 Ocean Dr",Wi-Fi;Air Conditioner;Kitchen;Dedicated Workspace;TV,3,3,3,https://images.unsplash.com/photo-1629757107799-d350c82e1663?ixlib=rb-4.0.3&ixid=M3wxMjA3fDB8MHxzZWFyY2h8MTl8fGFpcmJuYnxlbnwwfDB8NHx8fDI%3D&w=1000&q=80,800,1,Apartment
a06BK000005PF66YAG,005BK00000205bFYAQ,,Lakefront Cottage,2023-07-03T07:33:28.000+0000,005BK00000205bFYAQ,2023-07-03T07:43:42.000+0000,005BK00000205bFYAQ,2023-07-03T07:43:42.000+0000,,"USA, WI, Milwaukee, 123 Lake St",Wi-Fi;Washer;Dryer;Heating,2,2,1,https://images.unsplash.com/profile-1583427783052-3da8ceab5579image?auto=format&fit=crop&w=32&h=32&q=60&crop=faces&bg=fff,150,1,Guesthouse
a06BK000005PF67YAG,005BK00000205bFYAQ,,Quaint Country House,2023-07-03T07:33:28.000+0000,005BK00000205bFYAQ,2023-07-03T07:43:42.000+0000,005BK00000205bFYAQ,2023-07-03T07:43:42.000+0000,,"USA, TX, Houston, 456 Country Rd",Air Conditioner;Kitchen;Heating;TV;Iron,4,4,3,https://images.unsplash.com/photo-1623286728208-672dcecba73a?ixlib=rb-4.0.3&ixid=M3wxMjA3fDB8MHxzZWFyY2h8MjJ8fGFpcmJuYnxlbnwwfDB8NHx8fDI%3D&w=1000&q=80,300,,House
a06BK000005PF68YAG,005BK00000205bFYAQ,,Serene Beach House,2023-07-03T07:33:28.000+0000,005BK00000205bFYAQ,2023-07-03T07:43:42.000+0000,005BK00000205bFYAQ,2023-07-03T07:43:42.000+0000,,"USA, FL, Destin, 123 Beach Blvd",Wi-Fi;Washer;Air Conditioner;Kitchen;Dryer;TV,4,3,2,https://images.unsplash.com/profile-1613240527436-1c95e145f379image?auto=format&fit=crop&w=32&h=32&q=60&crop=faces&bg=fff,350,1,House
a06BK000005PF69YAG,005BK00000205bFYAQ,,Metropolitan Loft,2023-07-03T07:33:28.000+0000,005BK00000205bFYAQ,2023-07-03T07:43:42.000+0000,005BK00000205bFYAQ,2023-07-03T07:43:42.000+0000,,"USA, NY, Manhattan, 456 Broadway Ave",Wi-Fi;Air Conditioner;Dedicated Workspace;TV;Iron,2,2,2,https://images.unsplash.com/photo-1533129091504-3d31c43157a9?ixlib=rb-4.0.3&ixid=M3wxMjA3fDB8MHxzZWFyY2h8MjZ8fGFpcmJuYnxlbnwwfDB8NHx8fDI%3D&w=1000&q=80,500,1,Apartment
a06BK000005PF6AYAW,005BK00000205bFYAQ,,Downtown Boutique Hotel,2023-07-03T07:33:28.000+0000,005BK00000205bFYAQ,2023-07-03T07:43:42.000+0000,005BK00000205bFYAQ,2023-07-03T07:43:42.000+0000,,"USA, CA, San Francisco, 123 Market St",Wi-Fi;Air Conditioner;Heating;TV,1,1,1,https://images.unsplash.com/profile-1500149598049-c565f6395567?auto=format&fit=crop&w=32&h=32&q=60&crop=faces&bg=fff,300,1,Hotel
a06BK000005PF6BYAW,005BK00000205bFYAQ,,Luxe Paradise Resort,2023-07-03T07:33:28.000+0000,005BK00000205bFYAQ,2023-07-03T07:43:42.000+0000,005BK00000205bFYAQ,2023-07-03T07:43:42.000+0000,,"USA, California, Los Angeles, 123 St",Wi-Fi;Air Conditioner;TV,1,1,1,https://images.unsplash.com/photo-1679939153966-6ec05249db1d?ixlib=rb-4.0.3&ixid=M3wxMjA3fDB8MHxzZWFyY2h8MzB8fGFpcmJuYnxlbnwwfDB8NHx8fDI%3D&w=1000&q=80,100,1,Hotel
a06BK000005PF6CYAW,005BK00000205bFYAQ,,Serene Haven House,2023-07-03T07:33:28.000+0000,005BK00000205bFYAQ,2023-07-03T07:43:42.000+0000,005BK00000205bFYAQ,2023-07-03T07:43:42.000+0000,,"USA, New York, Manhattan, 456 Ave",Wi-Fi;Washer;Kitchen;Heating;TV,4,3,2,https://images.unsplash.com/profile-1684862775181-8faf555ba233image?auto=format&fit=crop&w=32&h=32&q=60&crop=faces&bg=fff,500,1,House
a06BK000005PF6DYAW,005BK00000205bFYAQ,,Urban Retreat Apartment,2023-07-03T07:33:28.000+0000,005BK00000205bFYAQ,2023-07-03T07:43:42.000+0000,005BK00000205bFYAQ,2023-07-03T07:43:42.000+0000,,"USA, Florida, Miami, 789 Blvd",Wi-Fi;Air Conditioner;TV,2,2,1,https://images.unsplash.com/photo-1591825729269-caeb344f6df2?ixlib=rb-4.0.3&ixid=M3wxMjA3fDB8MHxzZWFyY2h8MzN8fGFpcmJuYnxlbnwwfDB8NHx8fDI%3D&w=1000&q=80,200,,Apartment
a06BK000005PF6EYAW,005BK00000205bFYAQ,,Tranquil Guesthouse,2023-07-03T07:33:28.000+0000,005BK00000205bFYAQ,2023-07-03T07:43:42.000+0000,005BK00000205bFYAQ,2023-07-03T07:43:42.000+0000,,"USA, Texas, Austin, 567 Rd",Wi-Fi;Heating;TV,1,1,1,https://images.unsplash.com/profile-1613240527436-1c95e145f379image?auto=format&fit=crop&w=32&h=32&q=60&crop=faces&bg=fff,150,1,Guesthouse
a06BK000005PF6FYAW,005BK00000205bFYAQ,,Metropolitan Hotel,2023-07-03T07:33:28.000+0000,005BK00000205bFYAQ,2023-07-03T07:43:42.000+0000,005BK00000205bFYAQ,2023-07-03T07:43:42.000+0000,,"USA, Illinois, Chicago, 890 Ln",Wi-Fi;Air Conditioner;TV;Iron,2,2,2,https://images.unsplash.com/photo-1588621086003-6e42b1404624?ixlib=rb-4.0.3&ixid=M3wxMjA3fDB8MHxzZWFyY2h8MzV8fGFpcmJuYnxlbnwwfDB8NHx8fDI%3D&w=1000&q=80,300,,Hotel
a06BK000005PF6GYAW,005BK00000205bFYAQ,,Luxe Paradise Resort,2023-07-03T07:33:28.000+0000,005BK00000205bFYAQ,2023-07-03T07:43:42.000+0000,005BK00000205bFYAQ,2023-07-03T07:43:42.000+0000,,"USA, CA, Los Angeles, 123 St",Wi-Fi;Air Conditioner;TV,1,1,1,https://images.unsplash.com/profile-1613240527436-1c95e145f379image?auto=format&fit=crop&w=32&h=32&q=60&crop=faces&bg=fff,100,1,Hotel
a06BK000005PF6HYAW,005BK00000205bFYAQ,,Serene Haven House,2023-07-03T07:33:28.000+0000,005BK00000205bFYAQ,2023-07-03T07:43:42.000+0000,005BK00000205bFYAQ,2023-07-03T07:43:42.000+0000,,"USA, NY, Manhattan, 456 Ave",Wi-Fi;Washer;Kitchen;Heating;TV,4,3,2,https://images.unsplash.com/photo-1620332473720-e120ea5e9fb1?ixlib=rb-4.0.3&ixid=M3wxMjA3fDB8MHxzZWFyY2h8Mzh8fGFpcmJuYnxlbnwwfDB8NHx8fDI%3D&w=1000&q=80,500,1,House
a06BK000005PF6IYAW,005BK00000205bFYAQ,,Urban Retreat Apartment,2023-07-03T07:33:28.000+0000,005BK00000205bFYAQ,2023-07-03T07:43:42.000+0000,005BK00000205bFYAQ,2023-07-03T07:43:42.000+0000,,"USA, FL, Miami, 789 Blvd",Wi-Fi;Air Conditioner;TV,2,2,1,https://images.unsplash.com/profile-1613240527436-1c95e145f379image?auto=format&fit=crop&w=32&h=32&q=60&crop=faces&bg=fff,200,,Apartment
a06BK000005PF6JYAW,005BK00000205bFYAQ,,Tranquil Guesthouse,2023-07-03T07:33:28.000+0000,005BK00000205bFYAQ,2023-07-03T07:43:42.000+0000,005BK00000205bFYAQ,2023-07-03T07:43:42.000+0000,,"USA, TX, Austin, 567 Rd",Wi-Fi;Heating;TV,1,1,1,https://images.unsplash.com/photo-1604629761628-5640ee399e18?ixlib=rb-4.0.3&ixid=M3wxMjA3fDB8MHxzZWFyY2h8NDF8fGFpcmJuYnxlbnwwfDB8NHx8fDI%3D&w=1000&q=80,150,1,Guesthouse
a06BK000005PF6KYAW,005BK00000205bFYAQ,,Metropolitan Hotel,2023-07-03T07:33:28.000+0000,005BK00000205bFYAQ,2023-07-03T07:43:42.000+0000,005BK00000205bFYAQ,2023-07-03T07:43:42.000+0000,,"USA, IL, Chicago, 890 Ln",Wi-Fi;Air Conditioner;TV;Iron,2,2,2,https://images.unsplash.com/profile-1613240527436-1c95e145f379image?auto=format&fit=crop&w=32&h=32&q=60&crop=faces&bg=fff,300,,Hotel
a06BK000005PF6LYAW,005BK00000205bFYAQ,,Luxury Beachfront Villa,2023-07-03T07:33:28.000+0000,005BK00000205bFYAQ,2023-07-03T07:43:42.000+0000,005BK00000205bFYAQ,2023-07-03T07:43:42.000+0000,,"USA, CA, Malibu, 456 Ocean Dr",Wi-Fi;Air Conditioner;TV;Private Pool,8,6,7,https://images.unsplash.com/photo-1521310946869-53b3a37bba4d?ixlib=rb-4.0.3&ixid=M3wxMjA3fDB8MHxzZWFyY2h8NDR8fGFpcmJuYnxlbnwwfDB8NHx8fDI%3D&w=1000&q=80,2500,1,House
a06BK000005PF6MYAW,005BK00000205bFYAQ,,Penthouse Suite,2023-07-03T07:33:28.000+0000,005BK00000205bFYAQ,2023-07-03T07:43:42.000+0000,005BK00000205bFYAQ,2023-07-03T07:43:42.000+0000,,"USA, NY, Manhattan, 789 5th Ave",Wi-Fi;Air Conditioner;TV;Balcony,4,4,3,https://images.unsplash.com/profile-1526492418101-59191e5cf3bf?auto=format&fit=crop&w=32&h=32&q=60&crop=faces&bg=fff,3500,,Apartment
a06BK000005PF6NYAW,005BK00000205bFYAQ,,Executive Suites,2023-07-03T07:33:28.000+0000,005BK00000205bFYAQ,2023-07-03T07:43:42.000+0000,005BK00000205bFYAQ,2023-07-03T07:43:42.000+0000,,"USA, NY, Manhattan, 567 Park Ave",Wi-Fi;Air Conditioner;TV;Kitchenette,2,2,2,https://images.unsplash.com/photo-1679939153964-2b9bd027f6e3?ixlib=rb-4.0.3&ixid=M3wxMjA3fDB8MHxzZWFyY2h8NDh8fGFpcmJuYnxlbnwwfDB8NHx8fDI%3D&w=1000&q=80,2200,,Hotel
a06BK000005PF6OYAW,005BK00000205bFYAQ,,Luxurious Skyline Hotel,2023-07-03T07:33:28.000+0000,005BK00000205bFYAQ,2023-07-03T07:43:42.000+0000,005BK00000205bFYAQ,2023-07-03T07:43:42.000+0000,,"USA, NY, New York City",Wi-Fi;Air Conditioner;Kitchen;Heating;TV,3,2,2,https://images.unsplash.com/profile-1684862775181-8faf555ba233image?auto=format&fit=crop&w=32&h=32&q=60&crop=faces&bg=fff,2000,1,Hotel
a06BK000005PF6PYAW,005BK00000205bFYAQ,,Cozy Beachfront Cottage,2023-07-03T07:33:28.000+0000,005BK00000205bFYAQ,2023-07-03T07:43:42.000+0000,005BK00000205bFYAQ,2023-07-03T07:43:42.000+0000,,"USA, CA, Los Angeles",Wi-Fi;Washer;Heating;Dedicated Workspace;TV;Iron,1,1,1,https://images.unsplash.com/photo-1586711696425-561bb5fd9f81?ixlib=rb-4.0.3&ixid=M3wxMjA3fDB8MHxzZWFyY2h8NTF8fGFpcmJuYnxlbnwwfDB8NHx8fDI%3D&w=1000&q=80,500,1,House
a06BK000005PF6QYAW,005BK00000205bFYAQ,,Oceanview Resort,2023-07-03T07:33:28.000+0000,005BK00000205bFYAQ,2023-07-03T07:43:42.000+0000,005BK00000205bFYAQ,2023-07-03T07:43:42.000+0000,,"USA, FL, Miami",Wi-Fi;Air Conditioner;Dryer;Heating;TV;Iron,1,0,1,https://images.unsplash.com/profile-1613240527436-1c95e145f379image?auto=format&fit=crop&w=32&h=32&q=60&crop=faces&bg=fff,300,1,Hotel
a06BK000005PF6RYAW,005BK00000205bFYAQ,,Spacious Townhouse,2023-07-03T07:33:28.000+0000,005BK00000205bFYAQ,2023-07-03T07:43:42.000+0000,005BK00000205bFYAQ,2023-07-03T07:43:42.000+0000,,"USA, TX, Austin",Wi-Fi;Washer;Air Conditioner;Kitchen;TV;Iron,4,3,2,https://images.unsplash.com/photo-1621541839946-9e4ff3cca629?ixlib=rb-4.0.3&ixid=M3wxMjA3fDB8MHxzZWFyY2h8NTR8fGFpcmJuYnxlbnwwfDB8NHx8fDI%3D&w=1000&q=80,800,,House
a06BK000005PF6SYAW,005BK00000205bFYAQ,,Modern City Studio,2023-07-03T07:33:28.000+0000,005BK00000205bFYAQ,2023-07-03T07:43:42.000+0000,005BK00000205bFYAQ,2023-07-03T07:43:42.000+0000,,"USA, IL, Chicago",Wi-Fi;Heating;Dedicated Workspace;TV,1,0,1,https://images.unsplash.com/profile-1675876567388-f4dc1a130d4fimage?auto=format&fit=crop&w=32&h=32&q=60&crop=faces&bg=fff,150,1,Apartment
a06BK000005PF6TYAW,005BK00000205bFYAQ,,Cosmopolitan Guesthouse,2023-07-03T07:33:28.000+0000,005BK00000205bFYAQ,2023-07-03T07:43:42.000+0000,005BK00000205bFYAQ,2023-07-03T07:43:42.000+0000,,"USA, NV, Las Vegas",Wi-Fi;Washer;Air Conditioner;Kitchen;Dryer;Heating;TV;Iron,2,1,1,https://images.unsplash.com/photo-1600669757204-f40e31f828a0?ixlib=rb-4.0.3&ixid=M3wxMjA3fDB8MHxzZWFyY2h8NTd8fGFpcmJuYnxlbnwwfDB8NHx8fDI%3D&w=1000&q=80,400,1,Guesthouse
a06BK000005PF6UYAW,005BK00000205bFYAQ,,Lakeside Retreat,2023-07-03T07:33:28.000+0000,005BK00000205bFYAQ,2023-07-03T07:43:42.000+0000,005BK00000205bFYAQ,2023-07-03T07:43:42.000+0000,,"USA, WA, Seattle",Wi-Fi;Washer;Air Conditioner;Kitchen;Dryer;Heating;Dedicated Workspace;TV,2,2,2,https://images.unsplash.com/profile-1456390751683-d63b86b9ba48?auto=format&fit=crop&w=32&h=32&q=60&crop=faces&bg=fff,700,1,House
a06BK000005PF6VYAW,005BK00000205bFYAQ,,Mountain View Penthouse,2023-07-03T07:33:28.000+0000,005BK00000205bFYAQ,2023-07-03T07:43:42.000+0000,005BK00000205bFYAQ,2023-07-03T07:43:42.000+0000,,"USA, CO, Denver",Wi-Fi;Washer;Air Conditioner;Kitchen;Dryer;Heating;Dedicated Workspace;TV,5,4,3,https://images.unsplash.com/photo-1636278697015-a5592cfa04d6?ixlib=rb-4.0.3&ixid=M3wxMjA3fDB8MHxzZWFyY2h8NjB8fGFpcmJuYnxlbnwwfDB8NHx8fDI%3D&w=1000&q=80,1000,1,Apartment
a06BK000005PF6WYAW,005BK00000205bFYAQ,,Rustic Cabin,2023-07-03T07:33:28.000+0000,005BK00000205bFYAQ,2023-07-03T07:43:42.000+0000,005BK00000205bFYAQ,2023-07-03T07:43:42.000+0000,,"USA, OR, Portland",Wi-Fi;Heating;TV;Iron,1,1,1,https://images.unsplash.com/profile-1634541786101-34baaad6df19image?auto=format&fit=crop&w=32&h=32&q=60&crop=faces&bg=fff,300,1,House
a06BK000005PF6XYAW,005BK00000205bFYAQ,,Urban Chic Apartment,2023-07-03T07:33:28.000+0000,005BK00000205bFYAQ,2023-07-03T07:43:42.000+0000,005BK00000205bFYAQ,2023-07-03T07:43:42.000+0000,,"USA, CA, San Francisco",Wi-Fi;Washer;Air Conditioner;Kitchen;Dryer;Heating;Dedicated Workspace;TV,2,2,2,https://images.unsplash.com/photo-1683413533193-85ffc2d4258d?ixlib=rb-4.0.3&ixid=M3wxMjA3fDB8MHxzZWFyY2h8NjN8fGFpcmJuYnxlbnwwfDB8NHx8fDI%3D&w=1000&q=80,1800,1,Apartment
a06BK000005PF6YYAW,005BK00000205bFYAQ,,Serene Bayview Retreat,2023-07-03T07:33:28.000+0000,005BK00000205bFYAQ,2023-07-03T07:43:42.000+0000,005BK00000205bFYAQ,2023-07-03T07:43:42.000+0000,,"USA, NY, New York City",Wi-Fi;Air Conditioner;Kitchen;Heating;TV,3,2,2,https://images.unsplash.com/profile-1683123023062-86ca682af0fdimage?auto=format&fit=crop&w=32&h=32&q=60&crop=faces&bg=fff,2000,1,Hotel
a06BK000005PF6ZYAW,005BK00000205bFYAQ,,Tranquil Beach House,2023-07-03T07:33:28.000+0000,005BK00000205bFYAQ,2023-07-03T07:43:42.000+0000,005BK00000205bFYAQ,2023-07-03T07:43:42.000+0000,,"USA, CA, Los Angeles",Wi-Fi;Washer;Heating;Dedicated Workspace;TV;Iron,1,1,1,https://images.unsplash.com/photo-1627055254200-0ed00c46b5c4?ixlib=rb-4.0.3&ixid=M3wxMjA3fDB8MHxzZWFyY2h8NjZ8fGFpcmJuYnxlbnwwfDB8NHx8fDI%3D&w=1000&q=80,500,1,House
a06BK000005PF6aYAG,005BK00000205bFYAQ,,Oceanfront Resort,2023-07-03T07:33:28.000+0000,005BK00000205bFYAQ,2023-07-03T07:43:42.000+0000,005BK00000205bFYAQ,2023-07-03T07:43:42.000+0000,,"USA, FL, Miami",Wi-Fi;Air Conditioner;Dryer;Heating;TV;Iron,1,0,1,https://images.unsplash.com/profile-1583427783052-3da8ceab5579image?auto=format&fit=crop&w=32&h=32&q=60&crop=faces&bg=fff,300,1,Hotel
a06BK000005PF6bYAG,005BK00000205bFYAQ,,Spacious Urban Townhouse,2023-07-03T07:33:28.000+0000,005BK00000205bFYAQ,2023-07-03T07:43:42.000+0000,005BK00000205bFYAQ,2023-07-03T07:43:42.000+0000,,"USA, TX, Austin",Wi-Fi;Washer;Air Conditioner;Kitchen;TV;Iron,4,3,2,https://images.unsplash.com/photo-1616089465074-df63713b0a90?ixlib=rb-4.0.3&ixid=M3wxMjA3fDB8MHxzZWFyY2h8Njl8fGFpcmJuYnxlbnwwfDB8NHx8fDI%3D&w=1000&q=80,800,,House
a06BK000005PF6cYAG,005BK00000205bFYAQ,,Modern City Loft,2023-07-03T07:33:28.000+0000,005BK00000205bFYAQ,2023-07-03T07:43:42.000+0000,005BK00000205bFYAQ,2023-07-03T07:43:42.000+0000,,"USA, IL, Chicago",Wi-Fi;Heating;Dedicated Workspace;TV,1,0,1,https://images.unsplash.com/profile-1631764390961-ea042d4099abimage?auto=format&fit=crop&w=32&h=32&q=60&crop=faces&bg=fff,150,1,Apartment
a06BK000005PF6dYAG,005BK00000205bFYAQ,,Luxe City Guesthouse,2023-07-03T07:33:28.000+0000,005BK00000205bFYAQ,2023-07-03T07:43:42.000+0000,005BK00000205bFYAQ,2023-07-03T07:43:42.000+0000,,"USA, NV, Las Vegas",Wi-Fi;Washer;Air Conditioner;Kitchen;Dryer;Heating;TV;Iron,2,1,1,https://images.unsplash.com/photo-1656913909385-3d86959e4cc8?ixlib=rb-4.0.3&ixid=M3wxMjA3fDB8MHxzZWFyY2h8NzJ8fGFpcmJuYnxlbnwwfDB8NHx8fDI%3D&w=1000&q=80,400,1,Guesthouse
a06BK000005PF6eYAG,005BK00000205bFYAQ,,Lakeside Retreat,2023-07-03T07:33:28.000+0000,005BK00000205bFYAQ,2023-07-03T07:43:42.000+0000,005BK00000205bFYAQ,2023-07-03T07:43:42.000+0000,,"USA, WA, Seattle",Wi-Fi;Washer;Air Conditioner;Kitchen;Dryer;Heating;Dedicated Workspace;TV,2,2,2,https://images.unsplash.com/profile-1582056106517-54435ffa8bc9image?auto=format&fit=crop&w=32&h=32&q=60&crop=faces&bg=fff,700,1,House
a06BK000005PF6fYAG,005BK00000205bFYAQ,,Mountain View Penthouse,2023-07-03T07:33:28.000+0000,005BK00000205bFYAQ,2023-07-03T07:43:42.000+0000,005BK00000205bFYAQ,2023-07-03T07:43:42.000+0000,,"USA, CO, Denver",Wi-Fi;Washer;Air Conditioner;Kitchen;Dryer;Heating;Dedicated Workspace;TV,5,4,3,https://images.unsplash.com/photo-1585531455700-7af2f103924d?ixlib=rb-4.0.3&ixid=M3wxMjA3fDB8MHxzZWFyY2h8NzV8fGFpcmJuYnxlbnwwfDB8NHx8fDI%3D&w=1000&q=80,1000,1,Apartment
a06BK000005PF6gYAG,005BK00000205bFYAQ,,Cozy Forest Cabin,2023-07-03T07:33:28.000+0000,005BK00000205bFYAQ,2023-07-03T07:43:42.000+0000,005BK00000205bFYAQ,2023-07-03T07:43:42.000+0000,,"USA, OR, Portland",Wi-Fi;Heating;TV;Iron,1,1,1,https://images.unsplash.com/profile-1649477729950-fc170a9c66f7image?auto=format&fit=crop&w=32&h=32&q=60&crop=faces&bg=fff,300,1,House
a06BK000005PF6hYAG,005BK00000205bFYAQ,,Urban Chic Apartment,2023-07-03T07:33:28.000+0000,005BK00000205bFYAQ,2023-07-03T07:43:42.000+0000,005BK00000205bFYAQ,2023-07-03T07:43:42.000+0000,,"USA, CA, San Francisco",Wi-Fi;Washer;Air Conditioner;Kitchen;Dryer;Heating;Dedicated Workspace;TV,2,2,2,https://images.unsplash.com/photo-1564681727936-cd3419e86fc4?ixlib=rb-4.0.3&ixid=M3wxMjA3fDB8MHxzZWFyY2h8Nzh8fGFpcmJuYnxlbnwwfDB8NHx8fDI%3D&w=1000&q=80,1800,1,Apartment
a06BK000005PF6iYAG,005BK00000205bFYAQ,,Lakeside Cabin Retreat,2023-07-03T07:33:28.000+0000,005BK00000205bFYAQ,2023-07-03T07:43:42.000+0000,005BK00000205bFYAQ,2023-07-03T07:43:42.000+0000,,"USA, MI, Traverse City",Wi-Fi;Washer;Air Conditioner;Kitchen;Heating;TV;Iron,3,2,1,https://images.unsplash.com/profile-1613240527436-1c95e145f379image?auto=format&fit=crop&w=32&h=32&q=60&crop=faces&bg=fff,250,1,House
a06BK000005PF6jYAG,005BK00000205bFYAQ,,Downtown Luxury Apartment,2023-07-03T07:33:28.000+0000,005BK00000205bFYAQ,2023-07-03T07:43:42.000+0000,005BK00000205bFYAQ,2023-07-03T07:43:42.000+0000,,"USA, NY, Manhattan",Wi-Fi;Air Conditioner;Kitchen;Heating;Dedicated Workspace;TV;Iron,4,3,2,https://images.unsplash.com/photo-1641885282024-40d86bdbabda?ixlib=rb-4.0.3&ixid=M3wxMjA3fDB8MHxzZWFyY2h8ODF8fGFpcmJuYnxlbnwwfDB8NHx8fDI%3D&w=1000&q=80,1200,1,Apartment
a06BK000005PF6kYAG,005BK00000205bFYAQ,,Coastal Beach House,2023-07-03T07:33:28.000+0000,005BK00000205bFYAQ,2023-07-03T07:43:42.000+0000,005BK00000205bFYAQ,2023-07-03T07:43:42.000+0000,,"USA, CA, Santa Barbara",Wi-Fi;Washer;Air Conditioner;Kitchen;Dryer;Heating;TV;Iron,6,4,3,https://images.unsplash.com/profile-1641884860385-c83a0bc7447aimage?auto=format&fit=crop&w=32&h=32&q=60&crop=faces&bg=fff,600,1,House
a06BK000005PF6lYAG,005BK00000205bFYAQ,,Mountain Retreat Chalet,2023-07-03T07:33:28.000+0000,005BK00000205bFYAQ,2023-07-03T07:43:42.000+0000,005BK00000205bFYAQ,2023-07-03T07:43:42.000+0000,,"USA, CO, Aspen",Wi-Fi;Washer;Air Conditioner;Kitchen;Dryer;Heating;TV;Iron,5,3,2,https://images.unsplash.com/photo-1685122121710-c1bdbd9ae8ce?ixlib=rb-4.0.3&ixid=M3wxMjA3fDB8MHxzZWFyY2h8ODR8fGFpcmJuYnxlbnwwfDB8NHx8fDI%3D&w=1000&q=80,900,1,House
a06BK000005PF6mYAG,005BK00000205bFYAQ,,Modern City Penthouse,2023-07-03T07:33:28.000+0000,005BK00000205bFYAQ,2023-07-03T07:43:42.000+0000,005BK00000205bFYAQ,2023-07-03T07:43:42.000+0000,,"USA, IL, Chicago",Wi-Fi;Air Conditioner;Kitchen;Heating;Dedicated Workspace;TV;Iron,2,2,2,https://images.unsplash.com/profile-1682111351105-761c36df66d0?auto=format&fit=crop&w=32&h=32&q=60&crop=faces&bg=fff,1800,1,Apartment
a06BK000005PF6nYAG,005BK00000205bFYAQ,,Lakeside Cottage,2023-07-03T07:33:28.000+0000,005BK00000205bFYAQ,2023-07-03T07:43:42.000+0000,005BK00000205bFYAQ,2023-07-03T07:43:42.000+0000,,"USA, MN, Minneapolis",Wi-Fi;Washer;Air Conditioner;Kitchen;Heating;TV,1,1,1,https://images.unsplash.com/photo-1601961782438-9d442fa2f450?ixlib=rb-4.0.3&ixid=M3wxMjA3fDB8MHxzZWFyY2h8ODd8fGFpcmJuYnxlbnwwfDB8NHx8fDI%3D&w=1000&q=80,350,1,House
a06BK000005PF6oYAG,005BK00000205bFYAQ,,Seaside Resort,2023-07-03T07:33:28.000+0000,005BK00000205bFYAQ,2023-07-03T07:43:42.000+0000,005BK00000205bFYAQ,2023-07-03T07:43:42.000+0000,,"USA, FL, Key West",Wi-Fi;Air Conditioner;Dryer;Heating;TV;Iron,1,0,1,https://images.unsplash.com/profile-1583427783052-3da8ceab5579image?auto=format&fit=crop&w=32&h=32&q=60&crop=faces&bg=fff,400,1,Hotel
a06BK000005PF6pYAG,005BK00000205bFYAQ,,Charming Countryside House,2023-07-03T07:33:28.000+0000,005BK00000205bFYAQ,2023-07-03T07:43:42.000+0000,005BK00000205bFYAQ,2023-07-03T07:43:42.000+0000,,"USA, TX, Hill Country",Wi-Fi;Washer;Air Conditioner;Kitchen;Heating;TV;Iron,4,3,2,https://images.unsplash.com/photo-1621541839904-e4fa64cf2245?ixlib=rb-4.0.3&ixid=M3wxMjA3fDB8MHxzZWFyY2h8OTB8fGFpcmJuYnxlbnwwfDB8NHx8fDI%3D&w=1000&q=80,500,1,House
a06BK000005PF6qYAG,005BK00000205bFYAQ,,Stylish City Loft,2023-07-03T07:33:28.000+0000,005BK00000205bFYAQ,2023-07-03T07:43:42.000+0000,005BK00000205bFYAQ,2023-07-03T07:43:42.000+0000,,"USA, CA, San Diego",Wi-Fi;Heating;Dedicated Workspace;TV,1,0,1,https://images.unsplash.com/profile-1675876567388-f4dc1a130d4fimage?auto=format&fit=crop&w=32&h=32&q=60&crop=faces&bg=fff,300,1,Apartment
a06BK000005PF6rYAG,005BK00000205bFYAQ,,Oceanfront Luxury Resort,2023-07-03T07:33:28.000+0000,005BK00000205bFYAQ,2023-07-03T07:43:42.000+0000,005BK00000205bFYAQ,2023-07-03T07:43:42.000+0000,,"USA, HI, Maui",Wi-Fi;Washer;Air Conditioner;Kitchen;Dryer;Heating;TV;Iron,7,5,5,https://images.unsplash.com/photo-1652349517763-a4c8e30992dd?ixlib=rb-4.0.3&ixid=M3wxMjA3fDB8MHxzZWFyY2h8OTN8fGFpcmJuYnxlbnwwfDB8NHx8fDI%3D&w=1000&q=80,3500,1,Hotel
a06BK000005PF6sYAG,005BK00000205bFYAQ,,Acme Hotel,2023-07-03T07:33:28.000+0000,005BK00000205bFYAQ,2023-07-03T07:43:42.000+0000,005BK00000205bFYAQ,2023-07-03T07:43:42.000+0000,,"123 Main St, CA, Los Angeles",Wi-Fi;Air Conditioner;Kitchen;TV,2,2,1,https://images.unsplash.com/profile-1652350417213-b0a5fb649a66image?auto=format&fit=crop&w=32&h=32&q=60&crop=faces&bg=fff,200,1,Hotel
a06BK000005PF6tYAG,005BK00000205bFYAQ,,Cozy Cottage,2023-07-03T07:33:28.000+0000,005BK00000205bFYAQ,2023-07-03T07:43:42.000+0000,005BK00000205bFYAQ,2023-07-03T07:43:42.000+0000,,"456 Elm St, NY, New York",Wi-Fi;Air Conditioner;Dedicated Workspace;TV,1,1,1,https://images.unsplash.com/photo-1679105796480-13346b5832c9?ixlib=rb-4.0.3&ixid=M3wxMjA3fDB8MHxzZWFyY2h8OTZ8fGFpcmJuYnxlbnwwfDB8NHx8fDI%3D&w=1000&q=80,100,1,House
a06BK000005PF6uYAG,005BK00000205bFYAQ,,Serene Villa,2023-07-03T07:33:28.000+0000,005BK00000205bFYAQ,2023-07-03T07:43:42.000+0000,005BK00000205bFYAQ,2023-07-03T07:43:42.000+0000,,"789 Oak St, CA, San Francisco",Wi-Fi;Washer;Air Conditioner;Kitchen;Dryer;Heating;Dedicated Workspace;TV,4,4,3,https://images.unsplash.com/profile-1684862775181-8faf555ba233image?auto=format&fit=crop&w=32&h=32&q=60&crop=faces&bg=fff,500,1,House
a06BK000005PF6vYAG,005BK00000205bFYAQ,,Urban Loft,2023-07-03T07:33:28.000+0000,005BK00000205bFYAQ,2023-07-03T07:43:42.000+0000,005BK00000205bFYAQ,2023-07-03T07:43:42.000+0000,,"321 Pine St, WA, Seattle",Wi-Fi;Air Conditioner;Kitchen;Dryer;Dedicated Workspace,1,1,1,https://images.unsplash.com/photo-1604864850425-15e2497775ee?ixlib=rb-4.0.3&ixid=M3wxMjA3fDB8MHxzZWFyY2h8OTl8fGFpcmJuYnxlbnwwfDB8NHx8fDI%3D&w=1000&q=80,300,1,Apartment
a06BK000005PF6wYAG,005BK00000205bFYAQ,,Riverside Inn,2023-07-03T07:33:28.000+0000,005BK00000205bFYAQ,2023-07-03T07:43:42.000+0000,005BK00000205bFYAQ,2023-07-03T07:43:42.000+0000,,"987 River Rd, CA, Sacramento",Wi-Fi;Washer;Air Conditioner;Heating;TV,3,3,2,https://images.unsplash.com/profile-1592937446698-53751a634a95image?auto=format&fit=crop&w=32&h=32&q=60&crop=faces&bg=fff,150,1,Hotel
a06BK000005PF6xYAG,005BK00000205bFYAQ,,City View Apt,2023-07-03T07:33:28.000+0000,005BK00000205bFYAQ,2023-07-03T07:43:42.000+0000,005BK00000205bFYAQ,2023-07-03T07:43:42.000+0000,,"654 Broadway, IL, Chicago",Wi-Fi;Air Conditioner;Kitchen;Dryer;Heating;Dedicated Workspace;TV,2,2,2,https://images.unsplash.com/photo-1612769732688-b7d111799dca?ixlib=rb-4.0.3&ixid=M3wxMjA3fDB8MHxzZWFyY2h8MTAyfHxhaXJibmJ8ZW58MHwwfDR8fHwy&w=1000&q=80,250,1,Apartment
a06BK000005PF6yYAG,005BK00000205bFYAQ,,Beach House,2023-07-03T07:33:28.000+0000,005BK00000205bFYAQ,2023-07-03T07:43:42.000+0000,005BK00000205bFYAQ,2023-07-03T07:43:42.000+0000,,"987 Ocean Dr, FL, Miami",Wi-Fi;Washer;Air Conditioner;Kitchen;Dryer;Heating;Dedicated Workspace;TV,5,5,4,https://images.unsplash.com/profile-1622008002594-d782529f3733image?auto=format&fit=crop&w=32&h=32&q=60&crop=faces&bg=fff,600,1,House
a06BK000005PF6zYAG,005BK00000205bFYAQ,,Central Hotel,2023-07-03T07:33:28.000+0000,005BK00000205bFYAQ,2023-07-03T07:43:42.000+0000,005BK00000205bFYAQ,2023-07-03T07:43:42.000+0000,,"123 Main St, NY, New York",Wi-Fi;Air Conditioner;TV,1,1,1,https://images.unsplash.com/photo-1601836743857-4d1e6da20a32?ixlib=rb-4.0.3&ixid=M3wxMjA3fDB8MHxzZWFyY2h8MTA1fHxhaXJibmJ8ZW58MHwwfDR8fHwy&w=1000&q=80,180,1,Hotel
a06BK000005PF70YAG,005BK00000205bFYAQ,,Sunny Cottage,2023-07-03T07:33:28.000+0000,005BK00000205bFYAQ,2023-07-03T07:43:42.000+0000,005BK00000205bFYAQ,2023-07-03T07:43:42.000+0000,,"456 Elm St, CA, San Diego",Wi-Fi;Air Conditioner;Kitchen;TV,2,2,1,https://images.unsplash.com/profile-1582056106517-54435ffa8bc9image?auto=format&fit=crop&w=32&h=32&q=60&crop=faces&bg=fff,120,1,House
a06BK000005PF71YAG,005BK00000205bFYAQ,,Luxury Condo,2023-07-03T07:33:28.000+0000,005BK00000205bFYAQ,2023-07-03T07:43:42.000+0000,005BK00000205bFYAQ,2023-07-03T07:43:42.000+0000,,"789 Oak St, NV, Las Vegas",Wi-Fi;Washer;Air Conditioner;Kitchen;Dryer;Dedicated Workspace;TV,3,3,2,https://images.unsplash.com/photo-1645255108418-415ac52c897a?ixlib=rb-4.0.3&ixid=M3wxMjA3fDB8MHxzZWFyY2h8MTA4fHxhaXJibmJ8ZW58MHwwfDR8fHwy&w=1000&q=80,400,1,Apartment
a06BK000005PF72YAG,005BK00000205bFYAQ,,Mountain Retreat,2023-07-03T07:33:28.000+0000,005BK00000205bFYAQ,2023-07-03T07:43:42.000+0000,005BK00000205bFYAQ,2023-07-03T07:43:42.000+0000,,"543 Summit Ave, CO, Denver",Wi-Fi;Washer;Air Conditioner;Kitchen;Dryer;Heating;Dedicated Workspace;TV,4,3,2,https://images.unsplash.com/profile-1582056106517-54435ffa8bc9image?auto=format&fit=crop&w=32&h=32&q=60&crop=faces&bg=fff,350,1,House
a06BK000005PF73YAG,005BK00000205bFYAQ,,Lakeside Cabin,2023-07-03T07:33:28.000+0000,005BK00000205bFYAQ,2023-07-03T07:43:42.000+0000,005BK00000205bFYAQ,2023-07-03T07:43:42.000+0000,,"789 Lakeview Dr, MN, Minneapolis",Wi-Fi;Air Conditioner;Kitchen;TV,2,2,1,https://images.unsplash.com/photo-1545071427-1e8f559966d6?ixlib=rb-4.0.3&ixid=M3wxMjA3fDB8MHxzZWFyY2h8MTExfHxhaXJibmJ8ZW58MHwwfDR8fHwy&w=1000&q=80,180,1,House
a06BK000005PF74YAG,005BK00000205bFYAQ,,Modern Apartment,2023-07-03T07:33:28.000+0000,005BK00000205bFYAQ,2023-07-03T07:43:42.000+0000,005BK00000205bFYAQ,2023-07-03T07:43:42.000+0000,,"321 City Center, TX, Houston",Wi-Fi;Air Conditioner;Kitchen;Dryer,1,1,1,https://images.unsplash.com/profile-1621344129254-2cb6a983732dimage?auto=format&fit=crop&w=32&h=32&q=60&crop=faces&bg=fff,200,1,Apartment
a06BK000005PF75YAG,005BK00000205bFYAQ,,Seaside Resort,2023-07-03T07:33:28.000+0000,005BK00000205bFYAQ,2023-07-03T07:43:42.000+0000,005BK00000205bFYAQ,2023-07-03T07:43:42.000+0000,,"912 Coastal Rd, CA, Santa Cruz",Wi-Fi;Washer;Air Conditioner;Kitchen;Dryer;Heating;Dedicated Workspace;TV,5,4,3,https://images.unsplash.com/photo-1623050632591-13118534319e?ixlib=rb-4.0.3&ixid=M3wxMjA3fDB8MHxzZWFyY2h8MTE0fHxhaXJibmJ8ZW58MHwwfDR8fHwy&w=1000&q=80,600,1,House
a06BK000005PF76YAG,005BK00000205bFYAQ,,Urban Condo,2023-07-03T07:33:28.000+0000,005BK00000205bFYAQ,2023-07-03T07:43:42.000+0000,005BK00000205bFYAQ,2023-07-03T07:43:42.000+0000,,"654 Downtown Ave, IL, Chicago",Wi-Fi;Air Conditioner;Kitchen;Dryer;Heating;Dedicated Workspace;TV;Iron,2,2,2,https://images.unsplash.com/profile-1622008002594-d782529f3733image?auto=format&fit=crop&w=32&h=32&q=60&crop=faces&bg=fff,250,1,Apartment
a06BK000005PF77YAG,005BK00000205bFYAQ,,Quaint Guesthouse,2023-07-03T07:33:28.000+0000,005BK00000205bFYAQ,2023-07-03T07:43:42.000+0000,005BK00000205bFYAQ,2023-07-03T07:43:42.000+0000,,"987 Pleasant St, CA, San Diego",Wi-Fi;Air Conditioner;TV,1,1,1,https://images.unsplash.com/photo-1629466209276-1c80699476ca?ixlib=rb-4.0.3&ixid=M3wxMjA3fDB8MHxzZWFyY2h8MTE3fHxhaXJibmJ8ZW58MHwwfDR8fHwy&w=1000&q=80,120,1,Guesthouse
a06BK000005PF78YAG,005BK00000205bFYAQ,,Grand Hotel,2023-07-03T07:33:28.000+0000,005BK00000205bFYAQ,2023-07-03T07:43:42.000+0000,005BK00000205bFYAQ,2023-07-03T07:43:42.000+0000,,"123 Front Ave, NY, New York",Wi-Fi;Washer;Air Conditioner;Heating;TV;Iron,2,2,2,https://images.unsplash.com/profile-1582056106517-54435ffa8bc9image?auto=format&fit=crop&w=32&h=32&q=60&crop=faces&bg=fff,300,1,Hotel
a06BK000005PF79YAG,005BK00000205bFYAQ,,Charming Bungalow,2023-07-03T07:33:28.000+0000,005BK00000205bFYAQ,2023-07-03T07:43:42.000+0000,005BK00000205bFYAQ,2023-07-03T07:43:42.000+0000,,"456 Maple St, CA, Los Angeles",Wi-Fi;Washer;Air Conditioner;Kitchen;Dryer;Heating;Dedicated Workspace;TV,3,3,2,https://images.unsplash.com/photo-1633250307378-5604b26a164b?ixlib=rb-4.0.3&ixid=M3wxMjA3fDB8MHxzZWFyY2h8MTIxfHxhaXJibmJ8ZW58MHwwfDR8fHwy&w=1000&q=80,150,1,House
a06BK000005PF7AYAW,005BK00000205bFYAQ,,Stylish Apartment,2023-07-03T07:33:28.000+0000,005BK00000205bFYAQ,2023-07-03T07:43:42.000+0000,005BK00000205bFYAQ,2023-07-03T07:43:42.000+0000,,"789 Downtown Blvd, WA, Seattle",Wi-Fi;Air Conditioner;Kitchen;Dryer;Dedicated Workspace;Iron,1,1,1,https://images.unsplash.com/profile-1665211502959-ea204ebdf6ecimage?auto=format&fit=crop&w=32&h=32&q=60&crop=faces&bg=fff,200,1,Apartment
a06BK000005PF7BYAW,005BK00000205bFYAQ,,Luxury Beach Resort,2023-07-03T07:33:28.000+0000,005BK00000205bFYAQ,2023-07-03T07:43:42.000+0000,005BK00000205bFYAQ,2023-07-03T07:43:42.000+0000,,"987 Oceanfront Ave, FL, Miami",Wi-Fi;Washer;Air Conditioner;Kitchen;Dryer;Heating;Dedicated Workspace;TV;Iron,5,5,4,https://images.unsplash.com/photo-1650324590802-f400d8d21b17?ixlib=rb-4.0.3&ixid=M3wxMjA3fDB8MHxzZWFyY2h8MTI0fHxhaXJibmJ8ZW58MHwwfDR8fHwy&w=1000&q=80,800,1,Guesthouse
a06BK000005PF7CYAW,005BK00000205bFYAQ,,Mountain View Lodge,2023-07-03T07:33:28.000+0000,005BK00000205bFYAQ,2023-07-03T07:43:42.000+0000,005BK00000205bFYAQ,2023-07-03T07:43:42.000+0000,,"543 Peak Rd, CO, Boulder",Wi-Fi;Washer;Air Conditioner;Kitchen;Dryer;Heating;Dedicated Workspace;TV,5,4,3,https://images.unsplash.com/profile-1594925318782-59ab92a9c4afimage?auto=format&fit=crop&w=32&h=32&q=60&crop=faces&bg=fff,500,1,House
a06BK000005PF7DYAW,005BK00000205bFYAQ,,Lakefront Retreat,2023-07-03T07:33:28.000+0000,005BK00000205bFYAQ,2023-07-03T07:43:42.000+0000,005BK00000205bFYAQ,2023-07-03T07:43:42.000+0000,,"789 Shoreline Dr, MN, Duluth",Wi-Fi;Air Conditioner;Kitchen;TV,4,3,2,https://images.unsplash.com/photo-1685122121733-cb41a27e669b?ixlib=rb-4.0.3&ixid=M3wxMjA3fDB8MHxzZWFyY2h8MTI4fHxhaXJibmJ8ZW58MHwwfDR8fHwy&w=1000&q=80,250,1,House
a06BK000005PF7EYAW,005BK00000205bFYAQ,,Downtown Loft,2023-07-03T07:33:28.000+0000,005BK00000205bFYAQ,2023-07-03T07:43:42.000+0000,005BK00000205bFYAQ,2023-07-03T07:43:42.000+0000,,"321 Cityscape Ave, TX, Austin",Wi-Fi;Air Conditioner;Kitchen;Dryer,2,2,1,https://images.unsplash.com/profile-1682111351105-761c36df66d0?auto=format&fit=crop&w=32&h=32&q=60&crop=faces&bg=fff,300,1,Apartment
a06BK000005PF7FYAW,005BK00000205bFYAQ,,Coastal Getaway,2023-07-03T07:33:28.000+0000,005BK00000205bFYAQ,2023-07-03T07:43:42.000+0000,005BK00000205bFYAQ,2023-07-03T07:43:42.000+0000,,"912 Seashore Blvd, CA, Monterey",Wi-Fi;Washer;Air Conditioner;Kitchen;Dryer;Heating;Dedicated Workspace;TV,6,5,3,https://images.unsplash.com/photo-1682906159394-a9912cb007b2?ixlib=rb-4.0.3&ixid=M3wxMjA3fDB8MHxzZWFyY2h8MTMwfHxhaXJibmJ8ZW58MHwwfDR8fHwy&w=1000&q=80,700,1,House
a06BK000005PF7GYAW,005BK00000205bFYAQ,,City Center Condo,2023-07-03T07:33:28.000+0000,005BK00000205bFYAQ,2023-07-03T07:43:42.000+0000,005BK00000205bFYAQ,2023-07-03T07:43:42.000+0000,,"654 Main St, IL, Chicago",Wi-Fi;Washer;Air Conditioner;Kitchen;Dryer;Heating;Dedicated Workspace;TV;Iron,2,2,2,https://images.unsplash.com/profile-1594925318782-59ab92a9c4afimage?auto=format&fit=crop&w=32&h=32&q=60&crop=faces&bg=fff,350,1,Apartment
a06BK000005PF7HYAW,005BK00000205bFYAQ,,Cozy Cottage Retreat,2023-07-03T07:33:28.000+0000,005BK00000205bFYAQ,2023-07-03T07:43:42.000+0000,005BK00000205bFYAQ,2023-07-03T07:43:42.000+0000,,"987 Meadow Ln, CA, San Diego",Wi-Fi;Air Conditioner;TV,1,1,1,https://images.unsplash.com/photo-1629438055512-19d98a6eb0e5?ixlib=rb-4.0.3&ixid=M3wxMjA3fDB8MHxzZWFyY2h8MTMzfHxhaXJibmJ8ZW58MHwwfDR8fHwy&w=1000&q=80,150,1,Guesthouse
a06BK000005PF7IYAW,005BK00000205bFYAQ,,Deluxe Hotel,2023-07-03T07:33:28.000+0000,005BK00000205bFYAQ,2023-07-03T07:43:42.000+0000,005BK00000205bFYAQ,2023-07-03T07:43:42.000+0000,,"123 Luxury Ave, NY, New York",Wi-Fi;Washer;Air Conditioner;Heating;TV;Iron,3,3,2,https://images.unsplash.com/profile-fb-1553385644-41a81eb510ba.jpg?auto=format&fit=crop&w=32&h=32&q=60&crop=faces&bg=fff,400,1,Hotel
a06BK000005PF7JYAW,005BK00000205bFYAQ,,Rustic Cabin,2023-07-03T07:33:28.000+0000,005BK00000205bFYAQ,2023-07-03T07:43:42.000+0000,005BK00000205bFYAQ,2023-07-03T07:43:42.000+0000,,"456 Forest Rd, CA, Big Sur",Wi-Fi;Washer;Air Conditioner;Kitchen;Dryer;Heating;Dedicated Workspace;TV,2,2,1,https://images.unsplash.com/photo-1617995815236-7f06f6e53180?ixlib=rb-4.0.3&ixid=M3wxMjA3fDB8MHxzZWFyY2h8MTM2fHxhaXJibmJ8ZW58MHwwfDR8fHwy&w=1000&q=80,200,1,House
a06BK000005PF7KYAW,005BK00000205bFYAQ,,Luxury Studio,2023-07-03T07:33:28.000+0000,005BK00000205bFYAQ,2023-07-03T07:43:42.000+0000,005BK00000205bFYAQ,2023-07-03T07:43:42.000+0000,,"789 Downtown Ave, WA, Seattle",Wi-Fi;Air Conditioner;Kitchen;Dryer;Dedicated Workspace;Iron,1,1,1,https://images.unsplash.com/profile-1622008002594-d782529f3733image?auto=format&fit=crop&w=32&h=32&q=60&crop=faces&bg=fff,250,1,Apartment
a06BK000005PF7LYAW,005BK00000205bFYAQ,,Lakeside Retreat,2023-07-03T07:33:28.000+0000,005BK00000205bFYAQ,2023-07-03T07:43:42.000+0000,005BK00000205bFYAQ,2023-07-03T07:43:42.000+0000,,"789 Sunset Ave, MN, Lakeville",Wi-Fi;Air Conditioner;Kitchen;TV,4,4,3,https://images.unsplash.com/photo-1545042745-e67d687dac2c?ixlib=rb-4.0.3&ixid=M3wxMjA3fDB8MHxzZWFyY2h8MTM5fHxhaXJibmJ8ZW58MHwwfDR8fHwy&w=1000&q=80,300,1,House
a06BK000005PF7MYAW,005BK00000205bFYAQ,,Urban Oasis,2023-07-03T07:33:28.000+0000,005BK00000205bFYAQ,2023-07-03T07:43:42.000+0000,005BK00000205bFYAQ,2023-07-03T07:43:42.000+0000,,"321 Downtown Blvd, TX, Dallas",Wi-Fi;Air Conditioner;Kitchen;Dryer;Heating;TV,3,3,2,https://images.unsplash.com/profile-1656336046225-5f10c827a1acimage?auto=format&fit=crop&w=32&h=32&q=60&crop=faces&bg=fff,350,1,Apartment
a06BK000005PF7NYAW,005BK00000205bFYAQ,,Cozy Tiny House,2023-07-03T07:33:28.000+0000,005BK00000205bFYAQ,2023-07-03T07:43:42.000+0000,005BK00000205bFYAQ,2023-07-03T07:43:42.000+0000,,"987 Tiny Ln, CA, Santa Barbara",Wi-Fi;Air Conditioner;Kitchen;TV,1,1,1,https://images.unsplash.com/photo-1629127498670-687cb87dd861?ixlib=rb-4.0.3&ixid=M3wxMjA3fDB8MHxzZWFyY2h8MTQyfHxhaXJibmJ8ZW58MHwwfDR8fHwy&w=1000&q=80,100,1,Guesthouse
a06BK000005PF7OYAW,005BK00000205bFYAQ,,Cozy Cottage,2023-07-03T07:33:28.000+0000,005BK00000205bFYAQ,2023-07-03T07:43:42.000+0000,005BK00000205bFYAQ,2023-07-03T07:43:42.000+0000,,"USA, CA, Los Angeles, 123 Elm Street",Wi-Fi;Air Conditioner;Kitchen;Heating;TV,2,2,1,https://images.unsplash.com/profile-1645530341064-1f1a02adb060image?auto=format&fit=crop&w=32&h=32&q=60&crop=faces&bg=fff,150,1,House
a06BK000005PF7PYAW,005BK00000205bFYAQ,,Downtown Apartment,2023-07-03T07:33:28.000+0000,005BK00000205bFYAQ,2023-07-03T07:43:42.000+0000,005BK00000205bFYAQ,2023-07-03T07:43:42.000+0000,,"USA, NY, New York, 456 Pine Avenue",Wi-Fi;Washer;Air Conditioner;Kitchen;Dryer;Heating;Dedicated Workspace;TV,1,1,1,https://images.unsplash.com/photo-1601961782698-76c8503d35e8?ixlib=rb-4.0.3&ixid=M3wxMjA3fDB8MHxzZWFyY2h8MTQ1fHxhaXJibmJ8ZW58MHwwfDR8fHwy&w=1000&q=80,250,,Apartment
a06BK000005PF7QYAW,005BK00000205bFYAQ,,Seaside Villa,2023-07-03T07:33:28.000+0000,005BK00000205bFYAQ,2023-07-03T07:43:42.000+0000,005BK00000205bFYAQ,2023-07-03T07:43:42.000+0000,,"USA, FL, Miami, 789 Ocean Drive",Wi-Fi;Washer;Air Conditioner;Kitchen;Dryer;Heating;TV;Iron,5,4,3,https://images.unsplash.com/profile-1583427783052-3da8ceab5579image?auto=format&fit=crop&w=32&h=32&q=60&crop=faces&bg=fff,500,1,House
a06BK000005PIWjYAO,005BK00000205bFYAQ,,Central Hotel,2023-07-03T07:33:28.000+0000,005BK00000205bFYAQ,2023-07-03T07:43:42.000+0000,005BK00000205bFYAQ,2023-07-03T07:43:42.000+0000,,"USA, TX, Houston, 321 Main Street",Wi-Fi;Air Conditioner;Heating;TV,,,,https://images.unsplash.com/photo-1683731332657-f7e6273fbfe0?ixlib=rb-4.0.3&ixid=M3wxMjA3fDB8MHxzZWFyY2h8MTQ4fHxhaXJibmJ8ZW58MHwwfDR8fHwy&w=1000&q=80,100,1,Hotel
a06BK000005PIWkYAO,005BK00000205bFYAQ,,Modern Apartment,2023-07-03T07:33:28.000+0000,005BK00000205bFYAQ,2023-07-03T07:43:42.000+0000,005BK00000205bFYAQ,2023-07-03T07:43:42.000+0000,,"USA, CA, San Francisco, 555 Oak Ave",Wi-Fi;Washer;Air Conditioner;Kitchen;Dryer;Heating;Dedicated Workspace;TV,3,2,2,https://images.unsplash.com/profile-1683730610215-53c4678622e0image?auto=format&fit=crop&w=32&h=32&q=60&crop=faces&bg=fff,300,1,Apartment
a06BK000005PIWlYAO,005BK00000205bFYAQ,,Cozy Guesthouse,2023-07-03T07:33:28.000+0000,005BK00000205bFYAQ,2023-07-03T07:43:42.000+0000,005BK00000205bFYAQ,2023-07-03T07:43:42.000+0000,,"USA, AZ, Phoenix, 987 Maple Street",Wi-Fi;Washer;Air Conditioner;Kitchen;Dryer;Heating;TV,1,1,1,https://images.unsplash.com/photo-1634849662797-7de6484d6604?ixlib=rb-4.0.3&ixid=M3wxMjA3fDB8MHxzZWFyY2h8MTUxfHxhaXJibmJ8ZW58MHwwfDR8fHwy&w=1000&q=80,80,1,Guesthouse
a06BK000005PIWmYAO,005BK00000205bFYAQ,,Luxury Suite,2023-07-03T07:33:28.000+0000,005BK00000205bFYAQ,2023-07-03T07:43:42.000+0000,005BK00000205bFYAQ,2023-07-03T07:43:42.000+0000,,"USA, NV, Las Vegas, 654 Cherry Ave",Wi-Fi;Washer;Air Conditioner;Kitchen;Dryer;Heating;Dedicated Workspace;TV,3,3,2,https://images.unsplash.com/profile-1675818354956-11c4aac9c130image?auto=format&fit=crop&w=32&h=32&q=60&crop=faces&bg=fff,1000,1,Hotel
a06BK000005PIWnYAO,005BK00000205bFYAQ,,Beautiful Townhouse,2023-07-03T07:33:28.000+0000,005BK00000205bFYAQ,2023-07-03T07:43:42.000+0000,005BK00000205bFYAQ,2023-07-03T07:43:42.000+0000,,"USA, IL, Chicago, 987 Elm Street",Wi-Fi;Washer;Air Conditioner;Kitchen;Dryer;Heating;Dedicated Workspace;TV;Iron,4,3,2,https://images.unsplash.com/photo-1505373877841-8d25f7d46678?ixlib=rb-4.0.3&ixid=M3wxMjA3fDB8MHxzZWFyY2h8MTU0fHxhaXJibmJ8ZW58MHwwfDR8fHwy&w=1000&q=80,200,1,House
a06BK000005PIWoYAO,005BK00000205bFYAQ,,Charming Apartment,2023-07-03T07:33:28.000+0000,005BK00000205bFYAQ,2023-07-03T07:43:42.000+0000,005BK00000205bFYAQ,2023-07-03T07:43:42.000+0000,,"USA, CO, Denver, 345 Walnut Ave",Wi-Fi;Washer;Air Conditioner;Kitchen;Dryer;Heating;Dedicated Workspace;TV;Iron,1,1,1,https://images.unsplash.com/profile-1539627965411-de9ffec94df4?auto=format&fit=crop&w=32&h=32&q=60&crop=faces&bg=fff,150,1,Apartment
a06BK000005PIWpYAO,005BK00000205bFYAQ,,Beachfront Condo,2023-07-03T07:33:28.000+0000,005BK00000205bFYAQ,2023-07-03T07:43:42.000+0000,005BK00000205bFYAQ,2023-07-03T07:43:42.000+0000,,"USA, CA, San Diego, 789 Palm Blvd",Wi-Fi;Washer;Air Conditioner;Kitchen;Dryer;Heating;Heating;Dedicated Workspace;TV;Iron,2,3,2,https://images.unsplash.com/photo-1629976739390-efd87b603203?ixlib=rb-4.0.3&ixid=M3wxMjA3fDB8MHxzZWFyY2h8MTU3fHxhaXJibmJ8ZW58MHwwfDR8fHwy&w=1000&q=80,400,1,Apartment
a06BK000005PIWqYAO,005BK00000205bFYAQ,,Mountainside Lodge,2023-07-03T07:33:28.000+0000,005BK00000205bFYAQ,2023-07-03T07:43:42.000+0000,005BK00000205bFYAQ,2023-07-03T07:43:42.000+0000,,"USA, CO, Aspen, 123 Mountain Avenue",Wi-Fi;Washer;Air Conditioner;Kitchen;Dryer;Heating;Dedicated Workspace;TV;Iron,6,5,4,https://images.unsplash.com/profile-1582056106517-54435ffa8bc9image?auto=format&fit=crop&w=32&h=32&q=60&crop=faces&bg=fff,800,1,House
a06BK000005PIWrYAO,005BK00000205bFYAQ,,Lakeside Retreat,2023-07-03T07:33:28.000+0000,005BK00000205bFYAQ,2023-07-03T07:43:42.000+0000,005BK00000205bFYAQ,2023-07-03T07:43:42.000+0000,,"USA, MN, Minneapolis, 987 Lake View",Wi-Fi;Washer;Air Conditioner;Kitchen;Dryer;Heating;Dedicated Workspace;TV;Iron,3,2,2,https://images.unsplash.com/photo-1542853647-47ad77242390?ixlib=rb-4.0.3&ixid=M3wxMjA3fDB8MHxzZWFyY2h8MTYwfHxhaXJibmJ8ZW58MHwwfDR8fHwy&w=1000&q=80,400,1,House
a06BK000005PIWsYAO,005BK00000205bFYAQ,,City Center Hotel,2023-07-03T07:33:28.000+0000,005BK00000205bFYAQ,2023-07-03T07:43:42.000+0000,005BK00000205bFYAQ,2023-07-03T07:43:42.000+0000,,"USA, NY, Manhattan, 789 Broadway",Wi-Fi;Air Conditioner;Heating;TV,,,,https://images.unsplash.com/profile-fb-1542853171-492b0e911505.jpg?auto=format&fit=crop&w=32&h=32&q=60&crop=faces&bg=fff,300,1,Hotel
a06BK000005PIWtYAO,005BK00000205bFYAQ,,Riverside Cottage,2023-07-03T07:33:28.000+0000,005BK00000205bFYAQ,2023-07-03T07:43:42.000+0000,005BK00000205bFYAQ,2023-07-03T07:43:42.000+0000,,"USA, OR, Portland, 321 River Street",Wi-Fi;Washer;Air Conditioner;Kitchen;Dryer;Heating;TV,1,1,1,https://images.unsplash.com/photo-1662180255446-d0d78f565bf3?ixlib=rb-4.0.3&ixid=M3wxMjA3fDB8MHxzZWFyY2h8MTYzfHxhaXJibmJ8ZW58MHwwfDR8fHwy&w=1000&q=80,180,1,House
a06BK000005PIWuYAO,005BK00000205bFYAQ,,Contemporary Loft,2023-07-03T07:33:28.000+0000,005BK00000205bFYAQ,2023-07-03T07:43:42.000+0000,005BK00000205bFYAQ,2023-07-03T07:43:42.000+0000,,"USA, CA, Los Angeles, 555 Loft Avenue",Wi-Fi;Washer;Air Conditioner;Kitchen;Dryer;Heating;Dedicated Workspace;TV,2,1,1,https://images.unsplash.com/profile-1603293348354-68a42edda7a3image?auto=format&fit=crop&w=32&h=32&q=60&crop=faces&bg=fff,350,1,Apartment
a06BK000005PIWvYAO,005BK00000205bFYAQ,,Quaint Guesthouse,2023-07-03T07:33:28.000+0000,005BK00000205bFYAQ,2023-07-03T07:43:42.000+0000,005BK00000205bFYAQ,2023-07-03T07:43:42.000+0000,,"USA, TX, Austin, 987 Maple Lane",Wi-Fi;Washer;Air Conditioner;Kitchen;Dryer;Heating;TV,1,1,1,https://images.unsplash.com/photo-1558555573-49865bb239a2?ixlib=rb-4.0.3&ixid=M3wxMjA3fDB8MHxzZWFyY2h8MTY2fHxhaXJibmJ8ZW58MHwwfDR8fHwy&w=1000&q=80,120,1,Guesthouse
a06BK000005PIWwYAO,005BK00000205bFYAQ,,Resort Suite,2023-07-03T07:33:28.000+0000,005BK00000205bFYAQ,2023-07-03T07:43:42.000+0000,005BK00000205bFYAQ,2023-07-03T07:43:42.000+0000,,"USA, FL, Orlando, 654 Resort Lane",Wi-Fi;Washer;Air Conditioner;Kitchen;Dryer;Heating;Dedicated Workspace;TV,2,2,2,https://images.unsplash.com/profile-1590078067069-8687e57d1952image?auto=format&fit=crop&w=32&h=32&q=60&crop=faces&bg=fff,600,1,Hotel
a06BK000005PIWxYAO,005BK00000205bFYAQ,,Urban Townhouse,2023-07-03T07:33:28.000+0000,005BK00000205bFYAQ,2023-07-03T07:43:42.000+0000,005BK00000205bFYAQ,2023-07-03T07:43:42.000+0000,,"USA, CA, San Francisco, 987 Urban St",Wi-Fi;Washer;Air Conditioner;Kitchen;Dryer;Heating;Dedicated Workspace;TV;Iron,3,2,2,https://images.unsplash.com/photo-1603123854675-665d2c6c42ba?ixlib=rb-4.0.3&ixid=M3wxMjA3fDB8MHxzZWFyY2h8MTY5fHxhaXJibmJ8ZW58MHwwfDR8fHwy&w=1000&q=80,250,1,House
a06BK000005PIWyYAO,005BK00000205bFYAQ,,Stylish Apartment,2023-07-03T07:33:28.000+0000,005BK00000205bFYAQ,2023-07-03T07:43:42.000+0000,005BK00000205bFYAQ,2023-07-03T07:43:42.000+0000,,"USA, IL, Chicago, 345 Stylish Ave",Wi-Fi;Washer;Air Conditioner;Kitchen;Dryer;Heating;Dedicated Workspace;TV;Iron,1,1,1,https://images.unsplash.com/profile-1583427783052-3da8ceab5579image?auto=format&fit=crop&w=32&h=32&q=60&crop=faces&bg=fff,180,1,Apartment
a06BK000005PIWzYAO,005BK00000205bFYAQ,,Lakeside Cabin,2023-07-03T07:33:28.000+0000,005BK00000205bFYAQ,2023-07-03T07:43:42.000+0000,005BK00000205bFYAQ,2023-07-03T07:43:42.000+0000,,"USA, MI, Detroit, 789 Lake Drive",Wi-Fi;Washer;Air Conditioner;Kitchen;Dryer;Heating;Heating;Dedicated Workspace;TV;Iron,2,2,1,https://images.unsplash.com/photo-1627308072562-dfd4c67e28a4?ixlib=rb-4.0.3&ixid=M3wxMjA3fDB8MHxzZWFyY2h8MTcyfHxhaXJibmJ8ZW58MHwwfDR8fHwy&w=1000&q=80,300,1,Apartment
a06BK000005PIX0YAO,005BK00000205bFYAQ,,Rustic Cabin,2023-07-03T07:33:28.000+0000,005BK00000205bFYAQ,2023-07-03T07:43:42.000+0000,005BK00000205bFYAQ,2023-07-03T07:43:42.000+0000,,"USA, CO, Boulder, 123 Mountain View",Wi-Fi;Washer;Air Conditioner;Kitchen;Dryer;Heating;Dedicated Workspace;TV;Iron,2,2,1,https://images.unsplash.com/profile-1616179432623-429b43c5f91fimage?auto=format&fit=crop&w=32&h=32&q=60&crop=faces&bg=fff,200,1,House
a06BK000005PIX1YAO,005BK00000205bFYAQ,,Lakeside Chalet,2023-07-03T07:33:28.000+0000,005BK00000205bFYAQ,2023-07-03T07:43:42.000+0000,005BK00000205bFYAQ,2023-07-03T07:43:42.000+0000,,"USA, NY, Lake Placid, 987 Lakeside Rd",Wi-Fi;Washer;Air Conditioner;Kitchen;Dryer;Heating;Dedicated Workspace;TV,4,3,2,https://images.unsplash.com/photo-1621857093087-7daa85ab14a6?ixlib=rb-4.0.3&ixid=M3wxMjA3fDB8MHxzZWFyY2h8MTc1fHxhaXJibmJ8ZW58MHwwfDR8fHwy&w=1000&q=80,350,1,House
a06BK000005PIX2YAO,005BK00000205bFYAQ,,Downtown Hotel,2023-07-03T07:33:28.000+0000,005BK00000205bFYAQ,2023-07-03T07:43:42.000+0000,005BK00000205bFYAQ,2023-07-03T07:43:42.000+0000,,"USA, CA, San Diego, 789 Downtown Blvd",Wi-Fi;Air Conditioner;Heating;TV,,,,https://images.unsplash.com/profile-1681269429856-87d8da46f922image?auto=format&fit=crop&w=32&h=32&q=60&crop=faces&bg=fff,200,1,Hotel
a06BK000005PIX3YAO,005BK00000205bFYAQ,,Elegant Townhouse,2023-07-03T07:33:28.000+0000,005BK00000205bFYAQ,2023-07-03T07:43:42.000+0000,005BK00000205bFYAQ,2023-07-03T07:43:42.000+0000,,"USA, TX, Dallas, 321 Elegant Ave",Wi-Fi;Washer;Air Conditioner;Kitchen;Dryer;Heating;Dedicated Workspace;TV,4,3,2,https://images.unsplash.com/photo-1661160094555-a798a7df499f?ixlib=rb-4.0.3&ixid=M3wxMjA3fDB8MHxzZWFyY2h8MTc4fHxhaXJibmJ8ZW58MHwwfDR8fHwy&w=1000&q=80,280,1,House
a06BK000005PIX4YAO,005BK00000205bFYAQ,,Coastal Apartment,2023-07-03T07:33:28.000+0000,005BK00000205bFYAQ,2023-07-03T07:43:42.000+0000,005BK00000205bFYAQ,2023-07-03T07:43:42.000+0000,,"USA, FL, Miami, 555 Coastal View",Wi-Fi;Washer;Air Conditioner;Kitchen;Dryer;Heating;Dedicated Workspace;TV;Iron,3,2,2,https://images.unsplash.com/profile-1658410713080-18d92dad6b0fimage?auto=format&fit=crop&w=32&h=32&q=60&crop=faces&bg=fff,400,1,Apartment
a06BK000005PIX5YAO,005BK00000205bFYAQ,,Country Cottage,2023-07-03T07:33:28.000+0000,005BK00000205bFYAQ,2023-07-03T07:43:42.000+0000,005BK00000205bFYAQ,2023-07-03T07:43:42.000+0000,,"USA, TN, Nashville, 987 Country Road",Wi-Fi;Washer;Air Conditioner;Kitchen;Dryer;Heating;TV,1,1,1,https://images.unsplash.com/photo-1613282556715-9b33416983de?ixlib=rb-4.0.3&ixid=M3wxMjA3fDB8MHxzZWFyY2h8MTgwfHxhaXJibmJ8ZW58MHwwfDR8fHwy&w=1000&q=80,150,1,House
a06BK000005PIX6YAO,005BK00000205bFYAQ,,Luxury Resort,2023-07-03T07:33:28.000+0000,005BK00000205bFYAQ,2023-07-03T07:43:42.000+0000,005BK00000205bFYAQ,2023-07-03T07:43:42.000+0000,,"USA, NV, Las Vegas, 654 Luxury Lane",Wi-Fi;Washer;Air Conditioner;Kitchen;Dryer;Heating;Dedicated Workspace;TV,,,,https://images.unsplash.com/profile-1622008002594-d782529f3733image?auto=format&fit=crop&w=32&h=32&q=60&crop=faces&bg=fff,1000,1,Hotel
a06BK000005PIX7YAO,005BK00000205bFYAQ,,Charming Guesthouse,2023-07-03T07:33:28.000+0000,005BK00000205bFYAQ,2023-07-03T07:43:42.000+0000,005BK00000205bFYAQ,2023-07-03T07:43:42.000+0000,,"USA, CA, Santa Barbara, 987 Charming St",Wi-Fi;Washer;Air Conditioner;Kitchen;Dryer;Heating;TV;Iron,1,1,1,https://images.unsplash.com/photo-1553444862-65de13a9e728?ixlib=rb-4.0.3&ixid=M3wxMjA3fDB8MHxzZWFyY2h8Mnx8YWlyYm5ifGVufDB8MHw0fHx8Mg%3D%3D&w=1000&q=80,180,1,Guesthouse
a06BK000005PIX8YAO,005BK00000205bFYAQ,,Ski Chalet,2023-07-03T07:33:28.000+0000,005BK00000205bFYAQ,2023-07-03T07:43:42.000+0000,005BK00000205bFYAQ,2023-07-03T07:43:42.000+0000,,"USA, CO, Aspen, 345 Ski Way",Wi-Fi;Washer;Air Conditioner;Kitchen;Dryer;Heating;Dedicated Workspace;TV;Iron,6,4,3,https://images.unsplash.com/profile-1555277039024-5adbf6434151?auto=format&fit=crop&w=32&h=32&q=60&crop=faces&bg=fff,500,1,House
a06BK000005PIX9YAO,005BK00000205bFYAQ,,Modern Loft,2023-07-03T07:33:28.000+0000,005BK00000205bFYAQ,2023-07-03T07:43:42.000+0000,005BK00000205bFYAQ,2023-07-03T07:43:42.000+0000,,"USA, IL, Chicago, 789 Modern Ave",Wi-Fi;Washer;Air Conditioner;Kitchen;Dryer;Heating;Dedicated Workspace;TV;Iron,3,2,2,https://images.unsplash.com/photo-1590725152407-c1ccad27899e?ixlib=rb-4.0.3&ixid=M3wxMjA3fDB8MHxzZWFyY2h8Nnx8YWlyYm5ifGVufDB8MHw0fHx8Mg%3D%3D&w=1000&q=80,250,1,Apartment
a06BK000005PIXAYA4,005BK00000205bFYAQ,,Mountain Retreat,2023-07-03T07:33:28.000+0000,005BK00000205bFYAQ,2023-07-03T07:43:42.000+0000,005BK00000205bFYAQ,2023-07-03T07:43:42.000+0000,,"USA, CO, Denver, 123 Mountain Road",Wi-Fi;Washer;Air Conditioner;Kitchen;Dryer;Heating;Dedicated Workspace;TV;Iron,4,3,2,https://images.unsplash.com/profile-1613240527436-1c95e145f379image?auto=format&fit=crop&w=32&h=32&q=60&crop=faces&bg=fff,300,1,House
a06BK000005PIXBYA4,005BK00000205bFYAQ,,Lakefront Cabin,2023-07-03T07:33:28.000+0000,005BK00000205bFYAQ,2023-07-03T07:43:42.000+0000,005BK00000205bFYAQ,2023-07-03T07:43:42.000+0000,,"USA, NY, Lake Placid, 987 Lakefront Ln",Wi-Fi;Washer;Air Conditioner;Kitchen;Dryer;Heating;Dedicated Workspace;TV;Iron,2,2,1,https://images.unsplash.com/photo-1638929798283-3df3a0c7e039?ixlib=rb-4.0.3&ixid=M3wxMjA3fDB8MHxzZWFyY2h8OXx8YWlyYm5ifGVufDB8MHw0fHx8Mg%3D%3D&w=1000&q=80,400,1,House
a06BK000005PIXCYA4,005BK00000205bFYAQ,,Boutique Hotel,2023-07-03T07:33:28.000+0000,005BK00000205bFYAQ,2023-07-03T07:43:42.000+0000,005BK00000205bFYAQ,2023-07-03T07:43:42.000+0000,,"USA, CA, San Francisco, 789 Boutique St",Wi-Fi;Air Conditioner;Heating;TV,,,,https://images.unsplash.com/profile-1653592414572-7ae31243abf2image?auto=format&fit=crop&w=32&h=32&q=60&crop=faces&bg=fff,250,1,Hotel
a06BK000005PIXDYA4,005BK00000205bFYAQ,,Luxury Villa,2023-07-03T07:33:28.000+0000,005BK00000205bFYAQ,2023-07-03T07:43:42.000+0000,005BK00000205bFYAQ,2023-07-03T07:43:42.000+0000,,"USA, TX, Austin, 321 Luxury Avenue",Wi-Fi;Washer;Air Conditioner;Kitchen;Dryer;Heating;Dedicated Workspace;TV;Iron,6,5,4,https://images.unsplash.com/photo-1644027618520-bc04da1c7738?ixlib=rb-4.0.3&ixid=M3wxMjA3fDB8MHxzZWFyY2h8MTF8fGFpcmJuYnxlbnwwfDB8NHx8fDI%3D&w=1000&q=80,700,1,House
a06BK000005PIXEYA4,005BK00000205bFYAQ,,Beachfront Apartment,2023-07-03T07:33:28.000+0000,005BK00000205bFYAQ,2023-07-03T07:43:42.000+0000,005BK00000205bFYAQ,2023-07-03T07:43:42.000+0000,,"USA, FL, Miami, 555 Beachfront Drive",Wi-Fi;Washer;Air Conditioner;Kitchen;Dryer;Heating;Dedicated Workspace;TV;Iron,3,2,2,https://images.unsplash.com/profile-1644026408459-f62fb3d4a22dimage?auto=format&fit=crop&w=32&h=32&q=60&crop=faces&bg=fff,500,1,Apartment
a06BK000005PIXFYA4,005BK00000205bFYAQ,,Rustic Lodge,2023-07-03T07:33:28.000+0000,005BK00000205bFYAQ,2023-07-03T07:43:42.000+0000,005BK00000205bFYAQ,2023-07-03T07:43:42.000+0000,,"USA, MT, Bozeman, 987 Rustic Lane",Wi-Fi;Washer;Air Conditioner;Kitchen;Dryer;Heating;TV,2,2,1,https://images.unsplash.com/photo-1494526585095-c41746248156?ixlib=rb-4.0.3&ixid=M3wxMjA3fDB8MHxzZWFyY2h8MTV8fGFpcmJuYnxlbnwwfDB8NHx8fDI%3D&w=1000&q=80,200,1,House
a06BK000005PIXGYA4,005BK00000205bFYAQ,,Urban Hotel,2023-07-03T07:33:28.000+0000,005BK00000205bFYAQ,2023-07-03T07:43:42.000+0000,005BK00000205bFYAQ,2023-07-03T07:43:42.000+0000,,"USA, FL, Miami, 654 Urban Road",Wi-Fi;Air Conditioner;Heating;TV,,,,https://images.unsplash.com/profile-fb-1494525775-599b6243ecd1.jpg?auto=format&fit=crop&w=32&h=32&q=60&crop=faces&bg=fff,350,1,Hotel
a06BK000005PIXHYA4,005BK00000205bFYAQ,,Secluded Cabin,2023-07-03T07:33:28.000+0000,005BK00000205bFYAQ,2023-07-03T07:43:42.000+0000,005BK00000205bFYAQ,2023-07-03T07:43:42.000+0000,,"USA, CA, Big Sur, 987 Secluded Lane",Wi-Fi;Washer;Air Conditioner;Kitchen;Dryer;Heating;TV,1,1,1,https://images.unsplash.com/photo-1608696999843-e1f3f98975a0?ixlib=rb-4.0.3&ixid=M3wxMjA3fDB8MHxzZWFyY2h8MTh8fGFpcmJuYnxlbnwwfDB8NHx8fDI%3D&w=1000&q=80,180,1,House
a06BK000005PIXIYA4,005BK00000205bFYAQ,,Ski Resort,2023-07-03T07:33:28.000+0000,005BK00000205bFYAQ,2023-07-03T07:43:42.000+0000,005BK00000205bFYAQ,2023-07-03T07:43:42.000+0000,,"USA, CO, Aspen, 345 Ski Lodge",Wi-Fi;Washer;Air Conditioner;Kitchen;Dryer;Heating;Dedicated Workspace;TV,,,,https://images.unsplash.com/profile-1613240527436-1c95e145f379image?auto=format&fit=crop&w=32&h=32&q=60&crop=faces&bg=fff,800,1,Hotel
a06BK000005PIXJYA4,005BK00000205bFYAQ,,Modern Studio,2023-07-03T07:33:28.000+0000,005BK00000205bFYAQ,2023-07-03T07:43:42.000+0000,005BK00000205bFYAQ,2023-07-03T07:43:42.000+0000,,"USA, IL, Chicago, 789 Modern Street",Wi-Fi;Washer;Air Conditioner;Kitchen;Dryer;Heating;Dedicated Workspace;TV;Iron,1,1,1,https://images.unsplash.com/photo-1560184387-2404714bc570?ixlib=rb-4.0.3&ixid=M3wxMjA3fDB8MHxzZWFyY2h8MjF8fGFpcmJuYnxlbnwwfDB8NHx8fDI%3D&w=1000&q=80,200,1,Apartment
a06BK000005PIXKYA4,005BK00000205bFYAQ,,Luxe Hotel,2023-07-03T07:33:28.000+0000,005BK00000205bFYAQ,2023-07-03T07:43:42.000+0000,005BK00000205bFYAQ,2023-07-03T07:43:42.000+0000,,"United States, CA, Los Angeles, 1234 Sunset Blvd",Wi-Fi;Air Conditioner;TV,2,2,2,https://images.unsplash.com/profile-1610363958288-261009573602image?auto=format&fit=crop&w=32&h=32&q=60&crop=faces&bg=fff,200,1,Hotel
a06BK000005PIXLYA4,005BK00000205bFYAQ,,Cozy Cottage,2023-07-03T07:33:28.000+0000,005BK00000205bFYAQ,2023-07-03T07:43:42.000+0000,005BK00000205bFYAQ,2023-07-03T07:43:42.000+0000,,"United States, NY, New York, 5678 Park Ave",Wi-Fi;Washer;Heating;TV,1,1,1,https://images.unsplash.com/photo-1614649024145-7f847b1c803f?ixlib=rb-4.0.3&ixid=M3wxMjA3fDB8MHxzZWFyY2h8MjR8fGFpcmJuYnxlbnwwfDB8NHx8fDI%3D&w=1000&q=80,100,,House
a06BK000005PIXMYA4,005BK00000205bFYAQ,,City View Apartment,2023-07-03T07:33:28.000+0000,005BK00000205bFYAQ,2023-07-03T07:43:42.000+0000,005BK00000205bFYAQ,2023-07-03T07:43:42.000+0000,,"United States, CA, San Francisco, 9876 Market St",Wi-Fi;Air Conditioner;Kitchen;Dryer;TV,2,2,1,https://images.unsplash.com/profile-1655002686976-05d840771463?auto=format&fit=crop&w=32&h=32&q=60&crop=faces&bg=fff,150,1,Apartment
a06BK000005PIXNYA4,005BK00000205bFYAQ,,Seaside Retreat,2023-07-03T07:33:28.000+0000,005BK00000205bFYAQ,2023-07-03T07:43:42.000+0000,005BK00000205bFYAQ,2023-07-03T07:43:42.000+0000,,"United States, FL, Miami, 5432 Ocean Dr",Wi-Fi;Washer;Air Conditioner;Kitchen;Dryer;TV,4,3,2,https://images.unsplash.com/photo-1619317190381-643a6b28d6e6?ixlib=rb-4.0.3&ixid=M3wxMjA3fDB8MHxzZWFyY2h8Mjd8fGFpcmJuYnxlbnwwfDB8NHx8fDI%3D&w=1000&q=80,300,1,House
a06BK000005PIXOYA4,005BK00000205bFYAQ,,Comfort Inn,2023-07-03T07:33:28.000+0000,005BK00000205bFYAQ,2023-07-03T07:43:42.000+0000,005BK00000205bFYAQ,2023-07-03T07:43:42.000+0000,,"United States, TX, Houston, 6789 Main St",Wi-Fi;TV,1,1,1,https://images.unsplash.com/profile-1553905905566-851bfefdd3e0?auto=format&fit=crop&w=32&h=32&q=60&crop=faces&bg=fff,80,,Hotel
a06BK000005PIXPYA4,005BK00000205bFYAQ,,Charming Guesthouse,2023-07-03T07:33:28.000+0000,005BK00000205bFYAQ,2023-07-03T07:43:42.000+0000,005BK00000205bFYAQ,2023-07-03T07:43:42.000+0000,,"United States, CA, San Diego, 1357 Beach Ave",Wi-Fi;Washer;Air Conditioner;Kitchen;Dryer;TV;Iron,1,1,1,https://images.unsplash.com/photo-1504754524776-8f4f37790ca0?ixlib=rb-4.0.3&ixid=M3wxMjA3fDB8MHxzZWFyY2h8Mjl8fGFpcmJuYnxlbnwwfDB8NHx8fDI%3D&w=1000&q=80,120,1,Guesthouse
a06BK000005PIXQYA4,005BK00000205bFYAQ,,Penthouse Suite,2023-07-03T07:33:28.000+0000,005BK00000205bFYAQ,2023-07-03T07:43:42.000+0000,005BK00000205bFYAQ,2023-07-03T07:43:42.000+0000,,"United States, IL, Chicago, 2468 Skyline Blvd",Wi-Fi;Air Conditioner;Kitchen;Dryer;Heating;Dedicated Workspace;TV,5,4,3,https://images.unsplash.com/profile-fb-1504666801-be8e8c193a97.jpg?auto=format&fit=crop&w=32&h=32&q=60&crop=faces&bg=fff,500,1,Apartment
a06BK000005PIXRYA4,005BK00000205bFYAQ,,Lakefront Cabin,2023-07-03T07:33:28.000+0000,005BK00000205bFYAQ,2023-07-03T07:43:42.000+0000,005BK00000205bFYAQ,2023-07-03T07:43:42.000+0000,,"United States, WA, Seattle, 3691 Lake St",Wi-Fi;Air Conditioner;Kitchen;Dryer;TV,3,2,2,https://images.unsplash.com/photo-1559599238-308793637427?ixlib=rb-4.0.3&ixid=M3wxMjA3fDB8MHxzZWFyY2h8MzJ8fGFpcmJuYnxlbnwwfDB8NHx8fDI%3D&w=1000&q=80,250,1,House
a06BK000005PIXSYA4,005BK00000205bFYAQ,,Central Hotel,2023-07-03T07:33:28.000+0000,005BK00000205bFYAQ,2023-07-03T07:43:42.000+0000,005BK00000205bFYAQ,2023-07-03T07:43:42.000+0000,,"United States, NV, Las Vegas, 2468 Strip Blvd",Wi-Fi;Air Conditioner;TV,2,2,1,https://images.unsplash.com/profile-1675923596461-150bd890cd07?auto=format&fit=crop&w=32&h=32&q=60&crop=faces&bg=fff,150,1,Hotel
a06BK000005PIXTYA4,005BK00000205bFYAQ,,Modern Apartment,2023-07-03T07:33:28.000+0000,005BK00000205bFYAQ,2023-07-03T07:43:42.000+0000,005BK00000205bFYAQ,2023-07-03T07:43:42.000+0000,,"United States, MA, Boston, 1234 Beacon St",Wi-Fi;Washer;Air Conditioner;Kitchen;Dryer;TV,2,2,1,https://images.unsplash.com/photo-1591825324211-56e64af6fcd7?ixlib=rb-4.0.3&ixid=M3wxMjA3fDB8MHxzZWFyY2h8MzZ8fGFpcmJuYnxlbnwwfDB8NHx8fDI%3D&w=1000&q=80,180,1,Apartment
a06BK000005PIXUYA4,005BK00000205bFYAQ,,Lakeview Retreat,2023-07-03T07:33:28.000+0000,005BK00000205bFYAQ,2023-07-03T07:43:42.000+0000,005BK00000205bFYAQ,2023-07-03T07:43:42.000+0000,,"United States, CA, Lake Tahoe, 4321 Lakeview Dr",Wi-Fi;Washer;Air Conditioner;Kitchen;Dryer;TV,6,4,3,https://images.unsplash.com/profile-1613240527436-1c95e145f379image?auto=format&fit=crop&w=32&h=32&q=60&crop=faces&bg=fff,350,1,House
a06BK000005PIXVYA4,005BK00000205bFYAQ,,Downtown Loft,2023-07-03T07:33:28.000+0000,005BK00000205bFYAQ,2023-07-03T07:43:42.000+0000,005BK00000205bFYAQ,2023-07-03T07:43:42.000+0000,,"United States, NY, Brooklyn, 9876 Main St",Wi-Fi;Air Conditioner;Kitchen;TV,1,1,1,https://images.unsplash.com/photo-1591825381767-c7137b8eda0f?ixlib=rb-4.0.3&ixid=M3wxMjA3fDB8MHxzZWFyY2h8Mzl8fGFpcmJuYnxlbnwwfDB8NHx8fDI%3D&w=1000&q=80,200,1,Apartment
a06BK000005PIXWYA4,005BK00000205bFYAQ,,Seaside Hotel,2023-07-03T07:33:28.000+0000,005BK00000205bFYAQ,2023-07-03T07:43:42.000+0000,005BK00000205bFYAQ,2023-07-03T07:43:42.000+0000,,"United States, FL, Key West, 5432 Beach Rd",Wi-Fi;Air Conditioner;TV,2,2,1,https://images.unsplash.com/profile-1613240527436-1c95e145f379image?auto=format&fit=crop&w=32&h=32&q=60&crop=faces&bg=fff,180,1,Hotel
a06BK000005PIXXYA4,005BK00000205bFYAQ,,Rustic Cabin,2023-07-03T07:33:28.000+0000,005BK00000205bFYAQ,2023-07-03T07:43:42.000+0000,005BK00000205bFYAQ,2023-07-03T07:43:42.000+0000,,"United States, CO, Denver, 6789 Mountain View Ave",Wi-Fi;Heating;TV,1,1,1,https://images.unsplash.com/photo-1604809226867-0c54292210d3?ixlib=rb-4.0.3&ixid=M3wxMjA3fDB8MHxzZWFyY2h8NDJ8fGFpcmJuYnxlbnwwfDB8NHx8fDI%3D&w=1000&q=80,150,1,House
a06BK000005PIXYYA4,005BK00000205bFYAQ,,Luxury Condo,2023-07-03T07:33:28.000+0000,005BK00000205bFYAQ,2023-07-03T07:43:42.000+0000,005BK00000205bFYAQ,2023-07-03T07:43:42.000+0000,,"United States, CA, San Francisco, 1357 Market St",Wi-Fi;Washer;Air Conditioner;Kitchen;Dryer;TV,4,3,2,https://images.unsplash.com/profile-1613240527436-1c95e145f379image?auto=format&fit=crop&w=32&h=32&q=60&crop=faces&bg=fff,400,1,Apartment
a06BK000005PIXZYA4,005BK00000205bFYAQ,,Beachfront Villa,2023-07-03T07:33:28.000+0000,005BK00000205bFYAQ,2023-07-03T07:43:42.000+0000,005BK00000205bFYAQ,2023-07-03T07:43:42.000+0000,,"United States, HI, Honolulu, 2468 Ocean Ave",Wi-Fi;Washer;Air Conditioner;Kitchen;Dryer;TV;Iron,8,5,4,https://images.unsplash.com/photo-1634663476205-812f96a5705b?ixlib=rb-4.0.3&ixid=M3wxMjA3fDB8MHxzZWFyY2h8NDV8fGFpcmJuYnxlbnwwfDB8NHx8fDI%3D&w=1000&q=80,800,1,House
a06BK000005PIXaYAO,005BK00000205bFYAQ,,Urban Guesthouse,2023-07-03T07:33:28.000+0000,005BK00000205bFYAQ,2023-07-03T07:43:42.000+0000,005BK00000205bFYAQ,2023-07-03T07:43:42.000+0000,,"United States, IL, Chicago, 3691 City Ave",Wi-Fi;Air Conditioner;TV,1,1,1,https://images.unsplash.com/profile-1684366085577-6e1511750914image?auto=format&fit=crop&w=32&h=32&q=60&crop=faces&bg=fff,120,1,Guesthouse
a06BK000005PIXbYAO,005BK00000205bFYAQ,,Cozy Studio,2023-07-03T07:33:28.000+0000,005BK00000205bFYAQ,2023-07-03T07:43:42.000+0000,005BK00000205bFYAQ,2023-07-03T07:43:42.000+0000,,"United States, CA, Los Angeles, 1234 Hollywood Blvd",Wi-Fi;Air Conditioner;TV,1,1,1,https://images.unsplash.com/photo-1580191947416-62d35a55e71d?ixlib=rb-4.0.3&ixid=M3wxMjA3fDB8MHxzZWFyY2h8NDZ8fGFpcmJuYnxlbnwwfDB8NHx8fDI%3D&w=1000&q=80,80,1,Apartment
a06BK000005PIXcYAO,005BK00000205bFYAQ,,Mansion Retreat,2023-07-03T07:33:28.000+0000,005BK00000205bFYAQ,2023-07-03T07:43:42.000+0000,005BK00000205bFYAQ,2023-07-03T07:43:42.000+0000,,"United States, NY, New York, 9876 Park Ave",Wi-Fi;Washer;Air Conditioner;Kitchen;Dryer;Dedicated Workspace;TV,10,7,5,https://images.unsplash.com/profile-1686586982473-66932111d72eimage?auto=format&fit=crop&w=32&h=32&q=60&crop=faces&bg=fff,2000,1,House
a06BK000005PIXdYAO,005BK00000205bFYAQ,,Boutique Hotel,2023-07-03T07:33:28.000+0000,005BK00000205bFYAQ,2023-07-03T07:43:42.000+0000,005BK00000205bFYAQ,2023-07-03T07:43:42.000+0000,,"United States, CA, San Diego, 5432 Mission Blvd",Wi-Fi;Air Conditioner;TV,3,2,2,https://images.unsplash.com/photo-1595446757331-795d866924a9?ixlib=rb-4.0.3&ixid=M3wxMjA3fDB8MHxzZWFyY2h8NDl8fGFpcmJuYnxlbnwwfDB8NHx8fDI%3D&w=1000&q=80,300,1,Hotel
a06BK000005PIXeYAO,005BK00000205bFYAQ,,Mountain Chalet,2023-07-03T07:33:28.000+0000,005BK00000205bFYAQ,2023-07-03T07:43:42.000+0000,005BK00000205bFYAQ,2023-07-03T07:43:42.000+0000,,"United States, CO, Aspen, 4567 Mountain View Rd",Wi-Fi;Washer;Air Conditioner;Kitchen;Dryer;Heating;TV,6,4,3,https://images.unsplash.com/profile-1655002686976-05d840771463?auto=format&fit=crop&w=32&h=32&q=60&crop=faces&bg=fff,600,1,House
a06BK000005PIXfYAO,005BK00000205bFYAQ,,Urban Apartment,2023-07-03T07:33:28.000+0000,005BK00000205bFYAQ,2023-07-03T07:43:42.000+0000,005BK00000205bFYAQ,2023-07-03T07:43:42.000+0000,,"United States, NY, Manhattan, 1234 Broadway Ave",Wi-Fi;Air Conditioner;Kitchen;TV,2,2,1,https://images.unsplash.com/photo-1586753701871-07e025659129?ixlib=rb-4.0.3&ixid=M3wxMjA3fDB8MHxzZWFyY2h8NTJ8fGFpcmJuYnxlbnwwfDB8NHx8fDI%3D&w=1000&q=80,250,1,Apartment
a06BK000005PIXgYAO,005BK00000205bFYAQ,,Lakeside Resort,2023-07-03T07:33:28.000+0000,005BK00000205bFYAQ,2023-07-03T07:43:42.000+0000,005BK00000205bFYAQ,2023-07-03T07:43:42.000+0000,,"United States, MI, Traverse City, 9876 Lakefront Dr",Wi-Fi;Washer;Air Conditioner;Kitchen;Dryer;TV,4,3,2,https://images.unsplash.com/profile-1613240527436-1c95e145f379image?auto=format&fit=crop&w=32&h=32&q=60&crop=faces&bg=fff,400,1,House
a06BK000005PIXhYAO,005BK00000205bFYAQ,,Beach House,2023-07-03T07:33:28.000+0000,005BK00000205bFYAQ,2023-07-03T07:43:42.000+0000,005BK00000205bFYAQ,2023-07-03T07:43:42.000+0000,,"United States, FL, Destin, 5432 Beachfront Rd",Wi-Fi;Washer;Air Conditioner;Kitchen;Dryer;TV,5,4,3,https://images.unsplash.com/photo-1660986820749-30f0cdfb0c72?ixlib=rb-4.0.3&ixid=M3wxMjA3fDB8MHxzZWFyY2h8NTV8fGFpcmJuYnxlbnwwfDB8NHx8fDI%3D&w=1000&q=80,500,1,House
a06BK000005PIXiYAO,005BK00000205bFYAQ,,Modern Studio,2023-07-03T07:33:28.000+0000,005BK00000205bFYAQ,2023-07-03T07:43:42.000+0000,005BK00000205bFYAQ,2023-07-03T07:43:42.000+0000,,"United States, CA, San Francisco, 6789 Market St",Wi-Fi;Air Conditioner;TV,1,1,1,https://images.unsplash.com/profile-1660908747239-03d22d4a224bimage?auto=format&fit=crop&w=32&h=32&q=60&crop=faces&bg=fff,150,1,Apartment
a06BK000005PIXjYAO,005BK00000205bFYAQ,,Secluded Cabin,2023-07-03T07:33:28.000+0000,005BK00000205bFYAQ,2023-07-03T07:43:42.000+0000,005BK00000205bFYAQ,2023-07-03T07:43:42.000+0000,,"United States, GA, Blue Ridge, 1357 Mountain View Dr",Wi-Fi;Air Conditioner;Kitchen;TV,2,2,1,https://images.unsplash.com/photo-1611362565534-a0e82d717da9?ixlib=rb-4.0.3&ixid=M3wxMjA3fDB8MHxzZWFyY2h8NTh8fGFpcmJuYnxlbnwwfDB8NHx8fDI%3D&w=1000&q=80,300,1,House
a06BK000005PIXkYAO,005BK00000205bFYAQ,,Upscale Hotel,2023-07-03T07:33:28.000+0000,005BK00000205bFYAQ,2023-07-03T07:43:42.000+0000,005BK00000205bFYAQ,2023-07-03T07:43:42.000+0000,,"United States, NV, Reno, 3691 Resort Blvd",Wi-Fi;Air Conditioner;TV,2,2,1,https://images.unsplash.com/profile-1625260379033-d8a7967d75f6image?auto=format&fit=crop&w=32&h=32&q=60&crop=faces&bg=fff,180,1,Hotel
a06BK000005PIXlYAO,005BK00000205bFYAQ,,Lakeside Cabin,2023-07-03T07:33:28.000+0000,005BK00000205bFYAQ,2023-07-03T07:43:42.000+0000,005BK00000205bFYAQ,2023-07-03T07:43:42.000+0000,,"United States, NH, Meredith, 1234 Lakeside Rd",Wi-Fi;Washer;Air Conditioner;Kitchen;Dryer;TV,4,3,2,https://images.unsplash.com/photo-1682906182343-6d20c47392a2?ixlib=rb-4.0.3&ixid=M3wxMjA3fDB8MHxzZWFyY2h8NjF8fGFpcmJuYnxlbnwwfDB8NHx8fDI%3D&w=1000&q=80,200,1,House
a06BK000005PIXmYAO,005BK00000205bFYAQ,,Boutique Guesthouse,2023-07-03T07:33:28.000+0000,005BK00000205bFYAQ,2023-07-03T07:43:42.000+0000,005BK00000205bFYAQ,2023-07-03T07:43:42.000+0000,,"United States, TX, Austin, 9876 Boutique Ln",Wi-Fi;Air Conditioner;TV,1,1,1,https://images.unsplash.com/profile-1594925318782-59ab92a9c4afimage?auto=format&fit=crop&w=32&h=32&q=60&crop=faces&bg=fff,120,1,Guesthouse
a06BK000005PIXnYAO,005BK00000205bFYAQ,,Luxury Penthouse,2023-07-03T07:33:28.000+0000,005BK00000205bFYAQ,2023-07-03T07:43:42.000+0000,005BK00000205bFYAQ,2023-07-03T07:43:42.000+0000,,"United States, CA, Los Angeles, 2468 Luxury Blvd",Wi-Fi;Washer;Air Conditioner;Kitchen;Dryer;Heating;Dedicated Workspace;TV,4,3,2,https://images.unsplash.com/photo-1654885988340-ff157c8408d7?ixlib=rb-4.0.3&ixid=M3wxMjA3fDB8MHxzZWFyY2h8NjR8fGFpcmJuYnxlbnwwfDB8NHx8fDI%3D&w=1000&q=80,1000,1,Apartment
a06BK000005PIXoYAO,005BK00000205bFYAQ,,Lakeside Retreat,2023-07-03T07:33:28.000+0000,005BK00000205bFYAQ,2023-07-03T07:43:42.000+0000,005BK00000205bFYAQ,2023-07-03T07:43:42.000+0000,,"United States, WA, Seattle, 5432 Lakeshore Dr",Wi-Fi;Washer;Air Conditioner;Kitchen;Dryer;Heating;TV,6,4,3,https://images.unsplash.com/profile-1654886064851-49e690d3645eimage?auto=format&fit=crop&w=32&h=32&q=60&crop=faces&bg=fff,300,1,House
a06BK000005PIXpYAO,005BK00000205bFYAQ,,Urban Loft,2023-07-03T07:33:28.000+0000,005BK00000205bFYAQ,2023-07-03T07:43:42.000+0000,005BK00000205bFYAQ,2023-07-03T07:43:42.000+0000,,"United States, NY, Brooklyn, 9876 Urban St",Wi-Fi;Air Conditioner;Kitchen;TV,2,2,1,https://images.unsplash.com/photo-1664747477943-b23ed31972c0?ixlib=rb-4.0.3&ixid=M3wxMjA3fDB8MHxzZWFyY2h8Njh8fGFpcmJuYnxlbnwwfDB8NHx8fDI%3D&w=1000&q=80,200,1,Apartment
a06BK000005PIXqYAO,005BK00000205bFYAQ,,Coastal Resort,2023-07-03T07:33:28.000+0000,005BK00000205bFYAQ,2023-07-03T07:43:42.000+0000,005BK00000205bFYAQ,2023-07-03T07:43:42.000+0000,,"United States, FL, Destin, 5432 Coastal Rd",Wi-Fi;Washer;Air Conditioner;Kitchen;Dryer;TV,4,3,2,https://images.unsplash.com/profile-1653031301715-286310a7e1ffimage?auto=format&fit=crop&w=32&h=32&q=60&crop=faces&bg=fff,400,1,House
a06BK000005PIXrYAO,005BK00000205bFYAQ,,Mountain Retreat,2023-07-03T07:33:28.000+0000,005BK00000205bFYAQ,2023-07-03T07:43:42.000+0000,005BK00000205bFYAQ,2023-07-03T07:43:42.000+0000,,"United States, CO, Aspen, 6789 Mountain View Rd",Wi-Fi;Washer;Air Conditioner;Kitchen;Dryer;TV,5,4,3,https://images.unsplash.com/photo-1648649379554-520f52cd6e25?ixlib=rb-4.0.3&ixid=M3wxMjA3fDB8MHxzZWFyY2h8NzF8fGFpcmJuYnxlbnwwfDB8NHx8fDI%3D&w=1000&q=80,500,1,House
a06BK000005PIXsYAO,005BK00000205bFYAQ,,Stylish Studio,2023-07-03T07:33:28.000+0000,005BK00000205bFYAQ,2023-07-03T07:43:42.000+0000,005BK00000205bFYAQ,2023-07-03T07:43:42.000+0000,,"United States, CA, San Francisco, 1357 Style St",Wi-Fi;Air Conditioner;TV,1,1,1,https://images.unsplash.com/profile-1584115232309-0d9d8af80e7fimage?auto=format&fit=crop&w=32&h=32&q=60&crop=faces&bg=fff,150,1,Apartment
a06BK000005PIXtYAO,005BK00000205bFYAQ,,Rustic Lodge,2023-07-03T07:33:28.000+0000,005BK00000205bFYAQ,2023-07-03T07:43:42.000+0000,005BK00000205bFYAQ,2023-07-03T07:43:42.000+0000,,"United States, MT, Big Sky, 3691 Lodge Rd",Wi-Fi;Air Conditioner;Kitchen;TV,2,2,1,https://images.unsplash.com/photo-1675870191256-f61699be34a0?ixlib=rb-4.0.3&ixid=M3wxMjA3fDB8MHxzZWFyY2h8NzR8fGFpcmJuYnxlbnwwfDB8NHx8fDI%3D&w=1000&q=80,300,1,House
a06BK000005PIXuYAO,005BK00000205bFYAQ,,Modern Hotel,2023-07-03T07:33:28.000+0000,005BK00000205bFYAQ,2023-07-03T07:43:42.000+0000,005BK00000205bFYAQ,2023-07-03T07:43:42.000+0000,,"United States, NV, Las Vegas, 1234 Modern Blvd",Wi-Fi;Air Conditioner;TV,2,2,1,https://images.unsplash.com/profile-1655243233380-056a1f86ac76image?auto=format&fit=crop&w=32&h=32&q=60&crop=faces&bg=fff,180,1,Hotel
a06BK000005PIXvYAO,005BK00000205bFYAQ,,Waterfront Cabin,2023-07-03T07:33:28.000+0000,005BK00000205bFYAQ,2023-07-03T07:43:42.000+0000,005BK00000205bFYAQ,2023-07-03T07:43:42.000+0000,,"United States, ME, Bar Harbor, 9876 Waterfront Rd",Wi-Fi;Washer;Air Conditioner;Kitchen;Dryer;TV,4,3,2,https://images.unsplash.com/photo-1683413536987-8fa5e0e403bb?ixlib=rb-4.0.3&ixid=M3wxMjA3fDB8MHxzZWFyY2h8Nzd8fGFpcmJuYnxlbnwwfDB8NHx8fDI%3D&w=1000&q=80,200,1,House
a06BK000005PIXwYAO,005BK00000205bFYAQ,,Cozy Guesthouse,2023-07-03T07:33:28.000+0000,005BK00000205bFYAQ,2023-07-03T07:43:42.000+0000,005BK00000205bFYAQ,2023-07-03T07:43:42.000+0000,,"United States, TX, Austin, 5432 Cozy Ln",Wi-Fi;Air Conditioner;TV,1,1,1,https://images.unsplash.com/profile-1683123023062-86ca682af0fdimage?auto=format&fit=crop&w=32&h=32&q=60&crop=faces&bg=fff,120,1,Guesthouse
a06BK000005PIXxYAO,005BK00000205bFYAQ,,Luxury Villa,2023-07-03T07:33:28.000+0000,005BK00000205bFYAQ,2023-07-03T07:43:42.000+0000,005BK00000205bFYAQ,2023-07-03T07:43:42.000+0000,,"United States, CA, Los Angeles, 2468 Luxury Ave",Wi-Fi;Washer;Air Conditioner;Kitchen;Dryer;Heating;Dedicated Workspace;TV,8,5,4,https://images.unsplash.com/photo-1662180285335-862ed4faa619?ixlib=rb-4.0.3&ixid=M3wxMjA3fDB8MHxzZWFyY2h8ODB8fGFpcmJuYnxlbnwwfDB8NHx8fDI%3D&w=1000&q=80,1000,1,House
a06BK000005PIXyYAO,005BK00000205bFYAQ,,Oceanfront Resort,2023-07-03T07:33:28.000+0000,005BK00000205bFYAQ,2023-07-03T07:43:42.000+0000,005BK00000205bFYAQ,2023-07-03T07:43:42.000+0000,,"United States, CA, Malibu, 4321 Oceanfront Dr",Wi-Fi;Washer;Air Conditioner;Kitchen;Dryer;TV;Iron,10,6,4,https://images.unsplash.com/profile-1603293348354-68a42edda7a3image?auto=format&fit=crop&w=32&h=32&q=60&crop=faces&bg=fff,800,1,House
a06BK000005PIXzYAO,005BK00000205bFYAQ,,Urban Townhouse,2023-07-03T07:33:28.000+0000,005BK00000205bFYAQ,2023-07-03T07:43:42.000+0000,005BK00000205bFYAQ,2023-07-03T07:43:42.000+0000,,"United States, NY, Manhattan, 1234 City Ave",Wi-Fi;Air Conditioner;Kitchen;Dryer;TV,4,3,2,https://images.unsplash.com/photo-1679939153963-fd105167b4c3?ixlib=rb-4.0.3&ixid=M3wxMjA3fDB8MHxzZWFyY2h8ODN8fGFpcmJuYnxlbnwwfDB8NHx8fDI%3D&w=1000&q=80,350,1,House
a06BK000005PIY0YAO,005BK00000205bFYAQ,,Serene Cabin,2023-07-03T07:33:28.000+0000,005BK00000205bFYAQ,2023-07-03T07:43:42.000+0000,005BK00000205bFYAQ,2023-07-03T07:43:42.000+0000,,"United States, CO, Breckenridge, 9876 Serene Rd",Wi-Fi;Air Conditioner;Kitchen;Dryer;TV,3,2,2,https://images.unsplash.com/profile-1684862775181-8faf555ba233image?auto=format&fit=crop&w=32&h=32&q=60&crop=faces&bg=fff,400,1,House
a06BK000005PIY1YAO,005BK00000205bFYAQ,,Beachfront Retreat,2023-07-03T07:33:28.000+0000,005BK00000205bFYAQ,2023-07-03T07:43:42.000+0000,005BK00000205bFYAQ,2023-07-03T07:43:42.000+0000,,"United States, FL, Miami, 5432 Beachfront Ave",Wi-Fi;Washer;Air Conditioner;Kitchen;Dryer;TV;Iron,7,5,4,https://images.unsplash.com/photo-1611270478701-e5b9e0c91890?ixlib=rb-4.0.3&ixid=M3wxMjA3fDB8MHxzZWFyY2h8ODZ8fGFpcmJuYnxlbnwwfDB8NHx8fDI%3D&w=1000&q=80,700,1,House
a06BK000005PIY2YAO,005BK00000205bFYAQ,,Urban Condo,2023-07-03T07:33:28.000+0000,005BK00000205bFYAQ,2023-07-03T07:43:42.000+0000,005BK00000205bFYAQ,2023-07-03T07:43:42.000+0000,,"United States, CA, San Francisco, 6789 Urban Ave",Wi-Fi;Air Conditioner;Kitchen;TV,2,2,1,https://images.unsplash.com/profile-1613240527436-1c95e145f379image?auto=format&fit=crop&w=32&h=32&q=60&crop=faces&bg=fff,250,1,Apartment
a06BK000005PIY3YAO,005BK00000205bFYAQ,,Mountain Cabin,2023-07-03T07:33:28.000+0000,005BK00000205bFYAQ,2023-07-03T07:43:42.000+0000,005BK00000205bFYAQ,2023-07-03T07:43:42.000+0000,,"United States, CO, Telluride, 1357 Mountain Rd",Wi-Fi;Air Conditioner;Kitchen;Dryer;Heating;TV,4,3,2,https://images.unsplash.com/photo-1607860460982-3148cd5408bf?ixlib=rb-4.0.3&ixid=M3wxMjA3fDB8MHxzZWFyY2h8ODl8fGFpcmJuYnxlbnwwfDB8NHx8fDI%3D&w=1000&q=80,500,1,House
a06BK000005PIY4YAO,005BK00000205bFYAQ,,Downtown Hotel,2023-07-03T07:33:28.000+0000,005BK00000205bFYAQ,2023-07-03T07:43:42.000+0000,005BK00000205bFYAQ,2023-07-03T07:43:42.000+0000,,"United States, NY, New York City, 3691 Downtown Ave",Wi-Fi;Air Conditioner;TV,1,1,1,https://images.unsplash.com/profile-1606652262765-e018d75ad380image?auto=format&fit=crop&w=32&h=32&q=60&crop=faces&bg=fff,200,1,Hotel
a06BK000005PIY5YAO,005BK00000205bFYAQ,,Riverfront Cottage,2023-07-03T07:33:28.000+0000,005BK00000205bFYAQ,2023-07-03T07:43:42.000+0000,005BK00000205bFYAQ,2023-07-03T07:43:42.000+0000,,"United States, OR, Portland, 1234 Riverfront Dr",Wi-Fi;Air Conditioner;Kitchen;Dryer;TV,2,2,1,https://images.unsplash.com/photo-1623050804066-42bcedb4e81d?ixlib=rb-4.0.3&ixid=M3wxMjA3fDB8MHxzZWFyY2h8OTJ8fGFpcmJuYnxlbnwwfDB8NHx8fDI%3D&w=1000&q=80,300,1,House
a06BK000005PIY6YAO,005BK00000205bFYAQ,,Quaint Guesthouse,2023-07-03T07:33:28.000+0000,005BK00000205bFYAQ,2023-07-03T07:43:42.000+0000,005BK00000205bFYAQ,2023-07-03T07:43:42.000+0000,,"United States, TX, San Antonio, 9876 Quaint St",Wi-Fi;Air Conditioner;TV,1,1,1,https://images.unsplash.com/profile-1622008002594-d782529f3733image?auto=format&fit=crop&w=32&h=32&q=60&crop=faces&bg=fff,100,1,Guesthouse
a06BK000005PIY7YAO,005BK00000205bFYAQ,,Luxury Mansion,2023-07-03T07:33:28.000+0000,005BK00000205bFYAQ,2023-07-03T07:43:42.000+0000,005BK00000205bFYAQ,2023-07-03T07:43:42.000+0000,,"United States, CA, Beverly Hills, 2468 Luxury Dr",Wi-Fi;Washer;Air Conditioner;Kitchen;Dryer;Dedicated Workspace;TV,12,8,6,https://images.unsplash.com/photo-1679105796578-aa48a4d7dea3?ixlib=rb-4.0.3&ixid=M3wxMjA3fDB8MHxzZWFyY2h8OTV8fGFpcmJuYnxlbnwwfDB8NHx8fDI%3D&w=1000&q=80,2500,1,House
a06BK000005PIY8YAO,005BK00000205bFYAQ,,Tranquil House,2023-07-03T07:33:28.000+0000,005BK00000205bFYAQ,2023-07-03T07:43:42.000+0000,005BK00000205bFYAQ,2023-07-03T07:43:42.000+0000,,"USA, CA, Los Angeles, 123 Main St",Wi-Fi;Washer;Air Conditioner;Kitchen;Dryer;Heating;Dedicated Workspace;TV;Iron,4,3,2,https://images.unsplash.com/profile-1684862775181-8faf555ba233image?auto=format&fit=crop&w=32&h=32&q=60&crop=faces&bg=fff,200,1,House
a06BK000005PIY9YAO,005BK00000205bFYAQ,,Serene Retreat,2023-07-03T07:33:28.000+0000,005BK00000205bFYAQ,2023-07-03T07:43:42.000+0000,005BK00000205bFYAQ,2023-07-03T07:43:42.000+0000,,"USA, NY, New York, 456 Elm St",Wi-Fi;Air Conditioner;Kitchen;TV;Iron,2,2,1,https://images.unsplash.com/photo-1603011540837-5e7adc0c2590?ixlib=rb-4.0.3&ixid=M3wxMjA3fDB8MHxzZWFyY2h8OTd8fGFpcmJuYnxlbnwwfDB8NHx8fDI%3D&w=1000&q=80,150,,Apartment
a06BK000005PIYAYA4,005BK00000205bFYAQ,,Cozy Cottage,2023-07-03T07:33:28.000+0000,005BK00000205bFYAQ,2023-07-03T07:43:42.000+0000,005BK00000205bFYAQ,2023-07-03T07:43:42.000+0000,,"USA, CA, San Francisco, 789 Oak St",Wi-Fi;Washer;Kitchen;Dryer;Heating;TV;Iron,1,1,1,https://images.unsplash.com/profile-1581889127238-ea4aa40e8cb4image?auto=format&fit=crop&w=32&h=32&q=60&crop=faces&bg=fff,100,1,Guesthouse
a06BK000005PIYBYA4,005BK00000205bFYAQ,,Luxurious Hotel,2023-07-03T07:33:28.000+0000,005BK00000205bFYAQ,2023-07-03T07:43:42.000+0000,005BK00000205bFYAQ,2023-07-03T07:43:42.000+0000,,"USA, NV, Las Vegas, 234 Main St",Wi-Fi;Air Conditioner;Kitchen;Dryer;Heating;TV;Iron,5,4,3,https://images.unsplash.com/photo-1684182297398-bceda5583349?ixlib=rb-4.0.3&ixid=M3wxMjA3fDB8MHxzZWFyY2h8MTAwfHxhaXJibmJ8ZW58MHwwfDR8fHwy&w=1000&q=80,500,,Hotel
a06BK000005PIYCYA4,005BK00000205bFYAQ,,Modern Apartment,2023-07-03T07:33:28.000+0000,005BK00000205bFYAQ,2023-07-03T07:43:42.000+0000,005BK00000205bFYAQ,2023-07-03T07:43:42.000+0000,,"USA, CA, San Diego, 345 Elm St",Wi-Fi;Washer;Air Conditioner;Kitchen;Dryer;Heating;TV,3,2,2,https://images.unsplash.com/profile-1684862775181-8faf555ba233image?auto=format&fit=crop&w=32&h=32&q=60&crop=faces&bg=fff,250,1,Apartment
a06BK000005PIYDYA4,005BK00000205bFYAQ,,Charming Guesthouse,2023-07-03T07:33:28.000+0000,005BK00000205bFYAQ,2023-07-03T07:43:42.000+0000,005BK00000205bFYAQ,2023-07-03T07:43:42.000+0000,,"USA, TX, Austin, 567 Oak St",Wi-Fi;Washer;Air Conditioner;Kitchen;Dryer;Heating;Dedicated Workspace;TV;Iron,2,2,1,https://images.unsplash.com/photo-1584006217404-718bb93a2e89?ixlib=rb-4.0.3&ixid=M3wxMjA3fDB8MHxzZWFyY2h8MTAzfHxhaXJibmJ8ZW58MHwwfDR8fHwy&w=1000&q=80,180,,Guesthouse
a06BK000005PIYEYA4,005BK00000205bFYAQ,,Beachfront Villa,2023-07-03T07:33:28.000+0000,005BK00000205bFYAQ,2023-07-03T07:43:42.000+0000,005BK00000205bFYAQ,2023-07-03T07:43:42.000+0000,,"USA, FL, Miami, 678 Main St",Wi-Fi;Washer;Air Conditioner;Kitchen;Dryer;Heating;Dedicated Workspace;TV;Iron,6,5,4,https://images.unsplash.com/profile-1582056106517-54435ffa8bc9image?auto=format&fit=crop&w=32&h=32&q=60&crop=faces&bg=fff,400,1,House
a06BK000005PIYFYA4,005BK00000205bFYAQ,,Urban Retreat,2023-07-03T07:33:28.000+0000,005BK00000205bFYAQ,2023-07-03T07:43:42.000+0000,005BK00000205bFYAQ,2023-07-03T07:43:42.000+0000,,"USA, WA, Seattle, 789 Elm St",Wi-Fi;Air Conditioner;Kitchen;TV,1,1,1,https://images.unsplash.com/photo-1602582401490-7bef59dfe400?ixlib=rb-4.0.3&ixid=M3wxMjA3fDB8MHxzZWFyY2h8MTA2fHxhaXJibmJ8ZW58MHwwfDR8fHwy&w=1000&q=80,180,1,Apartment
a06BK000005PIYGYA4,005BK00000205bFYAQ,,Spacious Guesthouse,2023-07-03T07:33:28.000+0000,005BK00000205bFYAQ,2023-07-03T07:43:42.000+0000,005BK00000205bFYAQ,2023-07-03T07:43:42.000+0000,,"USA, CA, San Francisco, 234 Oak St",Wi-Fi;Washer;Air Conditioner;Kitchen;Dryer;Heating;Dedicated Workspace;TV;Iron,2,2,2,https://images.unsplash.com/profile-1582056106517-54435ffa8bc9image?auto=format&fit=crop&w=32&h=32&q=60&crop=faces&bg=fff,150,,Guesthouse
a06BK000005PIYHYA4,005BK00000205bFYAQ,,Boutique Hotel,2023-07-03T07:33:28.000+0000,005BK00000205bFYAQ,2023-07-03T07:43:42.000+0000,005BK00000205bFYAQ,2023-07-03T07:43:42.000+0000,,"USA, NY, New York, 345 Main St",Wi-Fi;Air Conditioner;Kitchen;Dryer;Heating;TV;Iron,4,3,2,https://images.unsplash.com/photo-1659559814036-8c22a5a799bb?ixlib=rb-4.0.3&ixid=M3wxMjA3fDB8MHxzZWFyY2h8MTA5fHxhaXJibmJ8ZW58MHwwfDR8fHwy&w=1000&q=80,300,1,Hotel
a06BK000005PIYIYA4,005BK00000205bFYAQ,,Cozy Cabin,2023-07-03T07:33:28.000+0000,005BK00000205bFYAQ,2023-07-03T07:43:42.000+0000,005BK00000205bFYAQ,2023-07-03T07:43:42.000+0000,,"USA, CO, Denver, 456 Pine St",Wi-Fi;Air Conditioner;Kitchen;Heating;TV;Iron,2,2,1,https://images.unsplash.com/profile-1582056106517-54435ffa8bc9image?auto=format&fit=crop&w=32&h=32&q=60&crop=faces&bg=fff,120,1,House
a06BK000005PIYJYA4,005BK00000205bFYAQ,,Modern Loft,2023-07-03T07:33:28.000+0000,005BK00000205bFYAQ,2023-07-03T07:43:42.000+0000,005BK00000205bFYAQ,2023-07-03T07:43:42.000+0000,,"USA, CA, San Francisco, 789 Market St",Wi-Fi;Washer;Air Conditioner;Kitchen;Dryer;Heating;Dedicated Workspace;TV;Iron,1,1,1,https://images.unsplash.com/photo-1621541572832-deab7bce50ff?ixlib=rb-4.0.3&ixid=M3wxMjA3fDB8MHxzZWFyY2h8MTEzfHxhaXJibmJ8ZW58MHwwfDR8fHwy&w=1000&q=80,180,1,Apartment
a06BK000005PIYKYA4,005BK00000205bFYAQ,,Lakeside Retreat,2023-07-03T07:33:28.000+0000,005BK00000205bFYAQ,2023-07-03T07:43:42.000+0000,005BK00000205bFYAQ,2023-07-03T07:43:42.000+0000,,"USA, MI, Detroit, 123 Lakeview Ave",Wi-Fi;Washer;Air Conditioner;Kitchen;Dryer;Heating;Dedicated Workspace;TV,4,3,2,https://images.unsplash.com/profile-1675876567388-f4dc1a130d4fimage?auto=format&fit=crop&w=32&h=32&q=60&crop=faces&bg=fff,250,1,House
a06BK000005PIYLYA4,005BK00000205bFYAQ,,Rustic Mountain Lodge,2023-07-03T07:33:28.000+0000,005BK00000205bFYAQ,2023-07-03T07:43:42.000+0000,005BK00000205bFYAQ,2023-07-03T07:43:42.000+0000,,"USA, CO, Aspen, 456 Mountain Rd",Wi-Fi;Air Conditioner;Kitchen;Dryer;Heating;TV;Iron,5,4,3,https://images.unsplash.com/photo-1535045674650-f8cacbc25493?ixlib=rb-4.0.3&ixid=M3wxMjA3fDB8MHxzZWFyY2h8MTE2fHxhaXJibmJ8ZW58MHwwfDR8fHwy&w=1000&q=80,350,,Guesthouse
a06BK000005PIYMYA4,005BK00000205bFYAQ,,Seaside Villa,2023-07-03T07:33:28.000+0000,005BK00000205bFYAQ,2023-07-03T07:43:42.000+0000,005BK00000205bFYAQ,2023-07-03T07:43:42.000+0000,,"USA, CA, Los Angeles, 789 Ocean Blvd",Wi-Fi;Washer;Air Conditioner;Kitchen;Dryer;Heating;TV;Iron,6,5,4,https://images.unsplash.com/profile-1642509856161-1b56fe1f68b8image?auto=format&fit=crop&w=32&h=32&q=60&crop=faces&bg=fff,400,1,House
a06BK000005PIYNYA4,005BK00000205bFYAQ,,Urban Chic Apartment,2023-07-03T07:33:28.000+0000,005BK00000205bFYAQ,2023-07-03T07:43:42.000+0000,005BK00000205bFYAQ,2023-07-03T07:43:42.000+0000,,"USA, NY, Brooklyn, 234 Avenue St",Wi-Fi;Washer;Air Conditioner;Kitchen;Dryer;Heating;Dedicated Workspace;TV,3,2,2,https://images.unsplash.com/photo-1621923898269-bf66d31346fb?ixlib=rb-4.0.3&ixid=M3wxMjA3fDB8MHxzZWFyY2h8MTE4fHxhaXJibmJ8ZW58MHwwfDR8fHwy&w=1000&q=80,200,1,Apartment
a06BK000005PIYOYA4,005BK00000205bFYAQ,,Quaint Bed and Breakfast,2023-07-03T07:33:28.000+0000,005BK00000205bFYAQ,2023-07-03T07:43:42.000+0000,005BK00000205bFYAQ,2023-07-03T07:43:42.000+0000,,"USA, VT, Burlington, 567 Maple St",Wi-Fi;Air Conditioner;Heating;Dedicated Workspace;TV,2,2,2,https://images.unsplash.com/profile-1582056106517-54435ffa8bc9image?auto=format&fit=crop&w=32&h=32&q=60&crop=faces&bg=fff,150,,Guesthouse
a06BK000005PIYPYA4,005BK00000205bFYAQ,,Luxury Penthouse,2023-07-03T07:33:28.000+0000,005BK00000205bFYAQ,2023-07-03T07:43:42.000+0000,005BK00000205bFYAQ,2023-07-03T07:43:42.000+0000,,"USA, CA, San Diego, 789 Bayfront Dr",Wi-Fi;Washer;Air Conditioner;Kitchen;Dryer;Heating;Dedicated Workspace;TV;Iron,4,3,2,https://images.unsplash.com/photo-1673881498838-02c1c52d2893?ixlib=rb-4.0.3&ixid=M3wxMjA3fDB8MHxzZWFyY2h8MTIwfHxhaXJibmJ8ZW58MHwwfDR8fHwy&w=1000&q=80,500,1,Apartment
a06BK000005PIYQYA4,005BK00000205bFYAQ,,Mountain View Chalet,2023-07-03T07:33:28.000+0000,005BK00000205bFYAQ,2023-07-03T07:43:42.000+0000,005BK00000205bFYAQ,2023-07-03T07:43:42.000+0000,,"USA, CO, Boulder, 345 Ridgeline Rd",Wi-Fi;Air Conditioner;Kitchen;Dryer;Heating;TV;Iron,3,3,2,https://images.unsplash.com/profile-1673214637649-6bea94d61e2bimage?auto=format&fit=crop&w=32&h=32&q=60&crop=faces&bg=fff,300,,House
a06BK000005PIYRYA4,005BK00000205bFYAQ,,Trendy Boutique Guesthouse,2023-07-03T07:33:28.000+0000,005BK00000205bFYAQ,2023-07-03T07:43:42.000+0000,005BK00000205bFYAQ,2023-07-03T07:43:42.000+0000,,"USA, TX, Dallas, 678 Elm St",Wi-Fi;Washer;Air Conditioner;Kitchen;Dryer;Heating;Dedicated Workspace;TV;Iron,2,2,1,https://images.unsplash.com/photo-1645482861807-fa1c0011f4ad?ixlib=rb-4.0.3&ixid=M3wxMjA3fDB8MHxzZWFyY2h8MTIzfHxhaXJibmJ8ZW58MHwwfDR8fHwy&w=1000&q=80,180,1,Guesthouse
