Id,IsDeleted,MasterRecordId,AccountId,LastName,FirstName,Salutation,Name,OtherStreet,OtherCity,OtherState,OtherPostalCode,OtherCountry,OtherLatitude,OtherLongitude,OtherGeocodeAccuracy,OtherAddress,MailingStreet,MailingCity,MailingState,MailingPostalCode,MailingCountry,MailingLatitude,MailingLongitude,MailingGeocodeAccuracy,MailingAddress,Phone,Fax,MobilePhone,HomePhone,OtherPhone,AssistantPhone,ReportsToId,Email,Title,Department,AssistantName,LeadSource,Birthdate,Description,OwnerId,CreatedDate,CreatedById,LastModifiedDate,LastModifiedById,SystemModstamp,LastActivityDate,LastCURequestDate,LastCUUpdateDate,LastViewedDate,LastReferencedDate,EmailBouncedReason,EmailBouncedDate,IsEmailBounced,PhotoUrl,Jigsaw,JigsawContactId,CleanStatus,IndividualId
003BK000004PSQIYA4,,,001BK000009rsfaYAA,石鍋,佳奈,,石鍋 佳奈,,,,,,,,,,大塚３－５－１０,文京区,東京都,112-0012,JP,,,,"{""city"":""文京区"",""country"":""JP"",""geocodeAccuracy"":null,""latitude"":null,""longitude"":null,""postalCode"":""112-0012"",""state"":""東京都"",""street"":""大塚３－５－１０""}",03-1234-5044,03-5793-8302,090-1234-4865,03-5793-8302,03-5793-8301,03-5459-8301,,u301@sumisho-machinecs.example.com,営業部長,,清田　博美,口コミ,1958-03-04,最初は他社製品に非常に興味を持っていたが、現在は弊社製品を気に入っている,005BK00000205bFYAQ,2023-07-03T08:20:14.000+0000,005BK00000205bFYAQ,2023-07-03T08:20:14.000+0000,005BK00000205bFYAQ,2023-07-03T08:20:14.000+0000,,,,2023-07-03T08:20:14.000+0000,2023-07-03T08:20:14.000+0000,,,,/services/images/photo/003BK000004PSQIYA4,,,Pending,
003BK000004PSQJYA4,,,001BK000009rsenYAA,今谷,聡,,今谷 聡,,,,,,,,,,内神田２－３－４,千代田区,東京都,101-0047,JP,,,,"{""city"":""千代田区"",""country"":""JP"",""geocodeAccuracy"":null,""latitude"":null,""longitude"":null,""postalCode"":""101-0047"",""state"":""東京都"",""street"":""内神田２－３－４""}",03-1234-5074,03-5793-8302,090-1234-4865,03-5793-8302,03-5793-8301,03-5459-8301,,u003@stainless-center.example.com,営業部長,,清田　博美,口コミ,1958-03-04,最初は他社製品に非常に興味を持っていたが、現在は弊社製品を気に入っている,005BK00000205bFYAQ,2023-07-03T08:20:14.000+0000,005BK00000205bFYAQ,2023-07-03T08:20:14.000+0000,005BK00000205bFYAQ,2023-07-03T08:20:14.000+0000,,,,2023-07-03T08:20:14.000+0000,2023-07-03T08:20:14.000+0000,,,,/services/images/photo/003BK000004PSQJYA4,,,Pending,
003BK000004PSQKYA4,,,001BK000009rsf8YAA,本間,計,,本間 計,,,,,,,,,,西原１－１－１,朝霞市,埼玉県,351-0034,JP,,,,"{""city"":""朝霞市"",""country"":""JP"",""geocodeAccuracy"":null,""latitude"":null,""longitude"":null,""postalCode"":""351-0034"",""state"":""埼玉県"",""street"":""西原１－１－１""}",03-1234-5017,03-5793-8302,090-1234-4865,03-5793-8302,03-5793-8301,03-5459-8301,,u004@azumino.example.com,営業部長,,清田　博美,口コミ,1958-03-04,最初は他社製品に非常に興味を持っていたが、現在は弊社製品を気に入っている,005BK00000205bFYAQ,2023-07-03T08:20:14.000+0000,005BK00000205bFYAQ,2023-07-03T08:20:14.000+0000,005BK00000205bFYAQ,2023-07-03T08:20:14.000+0000,,,,2023-07-03T08:20:14.000+0000,2023-07-03T08:20:14.000+0000,,,,/services/images/photo/003BK000004PSQKYA4,,,Pending,
003BK000004PSQLYA4,,,001BK000009rsfdYAA,崎浦,典子,,崎浦 典子,,,,,,,,,,高輪 3-13-1,港区,東京都,108-8612,JP,,,,"{""city"":""港区"",""country"":""JP"",""geocodeAccuracy"":null,""latitude"":null,""longitude"":null,""postalCode"":""108-8612"",""state"":""東京都"",""street"":""高輪 3-13-1""}",03-1234-5047,03-5793-8302,090-1234-4865,03-5793-8302,03-5793-8301,03-5459-8301,,u005@gradprix-hotel.example.com,営業マネージャ,,清田　博美,DM,1966-04-08,営業部のマネージャとして部下からの信頼も厚く、この商談のキーマンではないが、影のキーマンとしてはかなりの決定力を持つ。,005BK00000205bFYAQ,2023-07-03T08:20:14.000+0000,005BK00000205bFYAQ,2023-07-03T08:20:14.000+0000,005BK00000205bFYAQ,2023-07-03T08:20:14.000+0000,,,,2023-07-03T08:20:14.000+0000,2023-07-03T08:20:14.000+0000,,,,/services/images/photo/003BK000004PSQLYA4,,,Pending,
003BK000004PSQMYA4,,,001BK000009rsfeYAA,栗山,有香,,栗山 有香,,,,,,,,,,武1－5－28,鹿児島市,鹿児島県,112-8654,JP,,,,"{""city"":""鹿児島市"",""country"":""JP"",""geocodeAccuracy"":null,""latitude"":null,""longitude"":null,""postalCode"":""112-8654"",""state"":""鹿児島県"",""street"":""武1－5－28""}",03-1234-5048,03-5793-8302,090-1234-4865,03-5793-8302,03-5793-8301,03-5459-8301,,u006@maximum.example.com,営業マネージャ,,清田　博美,DM,1966-04-08,営業部のマネージャとして部下からの信頼も厚く、この商談のキーマンではないが、影のキーマンとしてはかなりの決定力を持つ。,005BK00000205bFYAQ,2023-07-03T08:20:14.000+0000,005BK00000205bFYAQ,2023-07-03T08:20:14.000+0000,005BK00000205bFYAQ,2023-07-03T08:20:14.000+0000,,,,2023-07-03T08:20:14.000+0000,2023-07-03T08:20:14.000+0000,,,,/services/images/photo/003BK000004PSQMYA4,,,Pending,
003BK000004PSQNYA4,,,001BK000009rsfWYAQ,鳥居,良朗,,鳥居 良朗,,,,,,,,,,大久保２－５－２５,新宿区,東京都,169-8558,JP,,,,"{""city"":""新宿区"",""country"":""JP"",""geocodeAccuracy"":null,""latitude"":null,""longitude"":null,""postalCode"":""169-8558"",""state"":""東京都"",""street"":""大久保２－５－２５""}",03-1234-5040,03-5793-8302,090-1234-4865,03-5793-8302,03-5793-8301,03-5459-8301,,u007@kawada.example.com,営業部長,,清田　博美,口コミ,1958-03-04,最初は他社製品に非常に興味を持っていたが、現在は弊社製品を気に入っている,005BK00000205bFYAQ,2023-07-03T08:20:14.000+0000,005BK00000205bFYAQ,2023-07-03T08:20:14.000+0000,005BK00000205bFYAQ,2023-07-03T08:20:14.000+0000,,,,2023-07-03T08:20:14.000+0000,2023-07-03T08:20:14.000+0000,,,,/services/images/photo/003BK000004PSQNYA4,,,Pending,
003BK000004PSQOYA4,,,001BK000009rsfiYAA,中島,俊哉,,中島 俊哉,,,,,,,,,,羽田５－１－１３,大田区,東京都,144-8677,JP,,,,"{""city"":""大田区"",""country"":""JP"",""geocodeAccuracy"":null,""latitude"":null,""longitude"":null,""postalCode"":""144-8677"",""state"":""東京都"",""street"":""羽田５－１－１３""}",03-1234-5052,03-5793-8302,090-1234-4865,03-5793-8302,03-5793-8301,03-5459-8301,,u008@nohara-techno.example.com,代表取締役社長,,清田　博美,展示会,1946-10-10,IBM出身で、大胆ではっきりした方。意思決定が早い。,005BK00000205bFYAQ,2023-07-03T08:20:14.000+0000,005BK00000205bFYAQ,2023-07-03T08:20:14.000+0000,005BK00000205bFYAQ,2023-07-03T08:20:14.000+0000,,,,2023-07-03T08:20:14.000+0000,2023-07-03T08:20:14.000+0000,,,,/services/images/photo/003BK000004PSQOYA4,,,Pending,
003BK000004PSQPYA4,,,001BK000009rsfsYAA,鈴木,綾太,,鈴木 綾太,,,,,,,,,,八丁堀２－１３－８,中央区,東京都,104-8510,JP,,,,"{""city"":""中央区"",""country"":""JP"",""geocodeAccuracy"":null,""latitude"":null,""longitude"":null,""postalCode"":""104-8510"",""state"":""東京都"",""street"":""八丁堀２－１３－８""}",03-1234-5062,03-5793-8302,090-1234-4865,03-5793-8302,03-5793-8301,03-5459-8301,,u009@oosaka-boeki.example.com,営業部長,,清田　博美,口コミ,1958-03-04,最初は他社製品に非常に興味を持っていたが、現在は弊社製品を気に入っている,005BK00000205bFYAQ,2023-07-03T08:20:14.000+0000,005BK00000205bFYAQ,2023-07-03T08:20:14.000+0000,005BK00000205bFYAQ,2023-07-03T08:20:14.000+0000,,,,2023-07-03T08:20:14.000+0000,2023-07-03T08:20:14.000+0000,,,,/services/images/photo/003BK000004PSQPYA4,,,Pending,
003BK000004PSQQYA4,,,001BK000009rsfRYAQ,小関,律在,,小関 律在,,,,,,,,,,紀尾井町３－６,千代田区,東京都,5420085,JP,,,,"{""city"":""千代田区"",""country"":""JP"",""geocodeAccuracy"":null,""latitude"":null,""longitude"":null,""postalCode"":""5420085"",""state"":""東京都"",""street"":""紀尾井町３－６""}",03-1234-5035,03-5793-8302,090-1234-4865,03-5793-8302,03-5793-8301,03-5459-8301,,u010@all-electronics.example.com,営業部長,,清田　博美,口コミ,1958-03-04,最初は他社製品に非常に興味を持っていたが、現在は弊社製品を気に入っている,005BK00000205bFYAQ,2023-07-03T08:20:14.000+0000,005BK00000205bFYAQ,2023-07-03T08:20:14.000+0000,005BK00000205bFYAQ,2023-07-03T08:20:14.000+0000,,,,2023-07-03T08:20:14.000+0000,2023-07-03T08:20:14.000+0000,,,,/services/images/photo/003BK000004PSQQYA4,,,Pending,
003BK000004PSQRYA4,,,001BK000009rsfhYAA,青柳,良志男,,青柳 良志男,,,,,,,,,,久が原５－１３－１２,大田区,東京都,146-8580,JP,,,,"{""city"":""大田区"",""country"":""JP"",""geocodeAccuracy"":null,""latitude"":null,""longitude"":null,""postalCode"":""146-8580"",""state"":""東京都"",""street"":""久が原５－１３－１２""}",03-1234-5051,03-5793-8302,090-1234-4865,03-5793-8302,03-5793-8301,03-5459-8301,,u011@murai-seiko.example.com,営業部長,,清田　博美,口コミ,1958-03-04,最初は他社製品に非常に興味を持っていたが、現在は弊社製品を気に入っている,005BK00000205bFYAQ,2023-07-03T08:20:14.000+0000,005BK00000205bFYAQ,2023-07-03T08:20:14.000+0000,005BK00000205bFYAQ,2023-07-03T08:20:14.000+0000,,,,2023-07-03T08:20:14.000+0000,2023-07-03T08:20:14.000+0000,,,,/services/images/photo/003BK000004PSQRYA4,,,Pending,
003BK000004PSQTYA4,,,001BK000009rsfnYAA,秋草,美津,,秋草 美津,,,,,,,,,,中央区磯辺通１丁目１－３９,神戸市,兵庫県,6510084,JP,,,,"{""city"":""神戸市"",""country"":""JP"",""geocodeAccuracy"":null,""latitude"":null,""longitude"":null,""postalCode"":""6510084"",""state"":""兵庫県"",""street"":""中央区磯辺通１丁目１－３９""}",03-1234-5057,03-5793-8302,090-1234-4865,03-5793-8302,03-5793-8301,03-5459-8301,,u013@gotoda-kenchiku.example.com,営業マネージャ,,清田　博美,DM,1966-04-08,営業部のマネージャとして部下からの信頼も厚く、この商談のキーマンではないが、影のキーマンとしてはかなりの決定力を持つ。,005BK00000205bFYAQ,2023-07-03T08:20:14.000+0000,005BK00000205bFYAQ,2023-07-03T08:20:14.000+0000,005BK00000205bFYAQ,2023-07-03T08:20:14.000+0000,,,,2023-07-03T08:20:14.000+0000,2023-07-03T08:20:14.000+0000,,,,/services/images/photo/003BK000004PSQTYA4,,,Pending,
003BK000004PSQUYA4,,,001BK000009rsfNYAQ,杉田,陽子,,杉田 陽子,,,,,,,,,,東上野５－２－２,台東区,東京都,110-8624,JP,,,,"{""city"":""台東区"",""country"":""JP"",""geocodeAccuracy"":null,""latitude"":null,""longitude"":null,""postalCode"":""110-8624"",""state"":""東京都"",""street"":""東上野５－２－２""}",03-1234-5031,03-5793-8302,090-1234-4865,03-5793-8302,03-5793-8301,03-5459-8301,,u014@higashino-sachi.example.com,購買担当,,清田　博美,社員の紹介,1965-07-08,非常に細かい部分までチェックを入れる方,005BK00000205bFYAQ,2023-07-03T08:20:14.000+0000,005BK00000205bFYAQ,2023-07-03T08:20:14.000+0000,005BK00000205bFYAQ,2023-07-03T08:20:14.000+0000,,,,2023-07-03T08:20:14.000+0000,2023-07-03T08:20:14.000+0000,,,,/services/images/photo/003BK000004PSQUYA4,,,Pending,
003BK000004PSQVYA4,,,001BK000009rsfHYAQ,細野,舞由美,,細野 舞由美,,,,,,,,,,亀沢１－４－７,墨田区,東京都,130-0014,JP,,,,"{""city"":""墨田区"",""country"":""JP"",""geocodeAccuracy"":null,""latitude"":null,""longitude"":null,""postalCode"":""130-0014"",""state"":""東京都"",""street"":""亀沢１－４－７""}",03-1234-5025,03-5793-8302,090-1234-4865,03-5793-8302,03-5793-8301,03-5459-8301,,u015@watase-pipe.example.com,営業部長,,清田　博美,口コミ,1958-03-04,最初は他社製品に非常に興味を持っていたが、現在は弊社製品を気に入っている,005BK00000205bFYAQ,2023-07-03T08:20:14.000+0000,005BK00000205bFYAQ,2023-07-03T08:20:14.000+0000,005BK00000205bFYAQ,2023-07-03T08:20:14.000+0000,,,,2023-07-03T08:20:14.000+0000,2023-07-03T08:20:14.000+0000,,,,/services/images/photo/003BK000004PSQVYA4,,,Pending,
003BK000004PSQWYA4,,,001BK000009rsecYAA,占部,秀久,,占部 秀久,,,,,,,,,,海岸２－１－２１,港区,東京都,105-0022,JP,,,,"{""city"":""港区"",""country"":""JP"",""geocodeAccuracy"":null,""latitude"":null,""longitude"":null,""postalCode"":""105-0022"",""state"":""東京都"",""street"":""海岸２－１－２１""}",03-1234-5063,03-5793-8302,090-1234-4865,03-5793-8302,03-5793-8301,03-5459-8301,,u016@yoguchi.example.com,営業部長,,清田　博美,口コミ,1958-03-04,最初は他社製品に非常に興味を持っていたが、現在は弊社製品を気に入っている,005BK00000205bFYAQ,2023-07-03T08:20:14.000+0000,005BK00000205bFYAQ,2023-07-03T08:20:14.000+0000,005BK00000205bFYAQ,2023-07-03T08:20:14.000+0000,,,,2023-07-03T08:20:14.000+0000,2023-07-03T08:20:14.000+0000,,,,/services/images/photo/003BK000004PSQWYA4,,,Pending,
003BK000004PSQXYA4,,,001BK000009rsfZYAQ,小峰,和幸,,小峰 和幸,,,,,,,,,,築地５－６－１０,中央区,東京都,104-0045,JP,,,,"{""city"":""中央区"",""country"":""JP"",""geocodeAccuracy"":null,""latitude"":null,""longitude"":null,""postalCode"":""104-0045"",""state"":""東京都"",""street"":""築地５－６－１０""}",03-1234-5043,03-5793-8302,090-1234-4865,03-5793-8302,03-5793-8301,03-5459-8301,,u017@tachihanada-shoji.example.com,営業部長,,清田　博美,口コミ,1958-03-04,最初は他社製品に非常に興味を持っていたが、現在は弊社製品を気に入っている,005BK00000205bFYAQ,2023-07-03T08:20:14.000+0000,005BK00000205bFYAQ,2023-07-03T08:20:14.000+0000,005BK00000205bFYAQ,2023-07-03T08:20:14.000+0000,,,,2023-07-03T08:20:14.000+0000,2023-07-03T08:20:14.000+0000,,,,/services/images/photo/003BK000004PSQXYA4,,,Pending,
003BK000004PSQYYA4,,,001BK000009rsfXYAQ,佐藤,かおり,,佐藤 かおり,,,,,,,,,,丸の内１－８－２,千代田区,東京都,100-0005,JP,,,,"{""city"":""千代田区"",""country"":""JP"",""geocodeAccuracy"":null,""latitude"":null,""longitude"":null,""postalCode"":""100-0005"",""state"":""東京都"",""street"":""丸の内１－８－２""}",03-1234-5041,03-5793-8302,090-1234-4865,03-5793-8302,03-5793-8301,03-5459-8301,,u018@tanimachi-sangyo.example.com,営業部長,,清田　博美,口コミ,1958-03-04,最初は他社製品に非常に興味を持っていたが、現在は弊社製品を気に入っている,005BK00000205bFYAQ,2023-07-03T08:20:14.000+0000,005BK00000205bFYAQ,2023-07-03T08:20:14.000+0000,005BK00000205bFYAQ,2023-07-03T08:20:14.000+0000,,,,2023-07-03T08:20:14.000+0000,2023-07-03T08:20:14.000+0000,,,,/services/images/photo/003BK000004PSQYYA4,,,Pending,
003BK000004PSQZYA4,,,001BK000009rsfeYAA,荒井,桂子,,荒井 桂子,,,,,,,,,,武1－5－28,鹿児島市,鹿児島県,112-8654,JP,,,,"{""city"":""鹿児島市"",""country"":""JP"",""geocodeAccuracy"":null,""latitude"":null,""longitude"":null,""postalCode"":""112-8654"",""state"":""鹿児島県"",""street"":""武1－5－28""}",03-1234-5048,03-5793-8302,090-1234-4865,03-5793-8302,03-5793-8301,03-5459-8301,,u019@maximum.example.com,営業部長,,清田　博美,口コミ,1958-03-04,最初は他社製品に非常に興味を持っていたが、現在は弊社製品を気に入っている,005BK00000205bFYAQ,2023-07-03T08:20:14.000+0000,005BK00000205bFYAQ,2023-07-03T08:20:14.000+0000,005BK00000205bFYAQ,2023-07-03T08:20:14.000+0000,,,,2023-07-03T08:20:14.000+0000,2023-07-03T08:20:14.000+0000,,,,/services/images/photo/003BK000004PSQZYA4,,,Pending,
003BK000004PSQbYAO,,,001BK000009rsfNYAQ,山口,浩昭,,山口 浩昭,,,,,,,,,,東上野５－２－２,台東区,東京都,110-8624,JP,,,,"{""city"":""台東区"",""country"":""JP"",""geocodeAccuracy"":null,""latitude"":null,""longitude"":null,""postalCode"":""110-8624"",""state"":""東京都"",""street"":""東上野５－２－２""}",03-1234-5031,03-5793-8302,090-1234-4865,03-5793-8302,03-5793-8301,03-5459-8301,,u021@higashino-sachi.example.com,技術部長,,清田　博美,セミナー,1952-03-02,大手コンピュータメーカーから転職。 経営に活用できるIT基盤づくりが主要課題。,005BK00000205bFYAQ,2023-07-03T08:20:14.000+0000,005BK00000205bFYAQ,2023-07-03T08:20:14.000+0000,005BK00000205bFYAQ,2023-07-03T08:20:14.000+0000,,,,2023-07-03T08:20:14.000+0000,2023-07-03T08:20:14.000+0000,,,,/services/images/photo/003BK000004PSQbYAO,,,Pending,
003BK000004PSQcYAO,,,001BK000009rsfNYAQ,塚本,博史,,塚本 博史,,,,,,,,,,東上野５－２－２,台東区,東京都,110-8624,JP,,,,"{""city"":""台東区"",""country"":""JP"",""geocodeAccuracy"":null,""latitude"":null,""longitude"":null,""postalCode"":""110-8624"",""state"":""東京都"",""street"":""東上野５－２－２""}",03-1234-5031,03-5793-8302,090-1234-4865,03-5793-8302,03-5793-8301,03-5459-8301,,u022@higashino-sachi.example.com,営業部長,,清田　博美,口コミ,1958-03-04,最初は他社製品に非常に興味を持っていたが、現在は弊社製品を気に入っている,005BK00000205bFYAQ,2023-07-03T08:20:14.000+0000,005BK00000205bFYAQ,2023-07-03T08:20:14.000+0000,005BK00000205bFYAQ,2023-07-03T08:20:14.000+0000,,,,2023-07-03T08:20:14.000+0000,2023-07-03T08:20:14.000+0000,,,,/services/images/photo/003BK000004PSQcYAO,,,Pending,
003BK000004PSQdYAO,,,001BK000009rseoYAA,氏家,宏文,,氏家 宏文,,,,,,,,,,板橋２－６５－８,板橋区,東京都,173-0004,JP,,,,"{""city"":""板橋区"",""country"":""JP"",""geocodeAccuracy"":null,""latitude"":null,""longitude"":null,""postalCode"":""173-0004"",""state"":""東京都"",""street"":""板橋２－６５－８""}",03-1234-5075,03-5793-8302,090-1234-4865,03-5793-8302,03-5793-8301,03-5459-8301,,u023@gekkodo.example.com,代表取締役社長,,清田　博美,展示会,1946-10-10,IBM出身で、大胆ではっきりした方。意思決定が早い。,005BK00000205bFYAQ,2023-07-03T08:20:14.000+0000,005BK00000205bFYAQ,2023-07-03T08:20:14.000+0000,005BK00000205bFYAQ,2023-07-03T08:20:14.000+0000,,,,2023-07-03T08:20:14.000+0000,2023-07-03T08:20:14.000+0000,,,,/services/images/photo/003BK000004PSQdYAO,,,Pending,
003BK000004PSQeYAO,,,001BK000009rsf6YAA,大類,伸明,,大類 伸明,,,,,,,,,,東新橋１－５－２,港区,東京都,105-7109,JP,,,,"{""city"":""港区"",""country"":""JP"",""geocodeAccuracy"":null,""latitude"":null,""longitude"":null,""postalCode"":""105-7109"",""state"":""東京都"",""street"":""東新橋１－５－２""}",03-1234-5015,03-5793-8302,090-1234-4865,03-5793-8302,03-5793-8301,03-5459-8301,,u024@ahuman-com.example.com,営業マネージャ,,清田　博美,DM,1966-04-08,営業部のマネージャとして部下からの信頼も厚く、この商談のキーマンではないが、影のキーマンとしてはかなりの決定力を持つ。,005BK00000205bFYAQ,2023-07-03T08:20:14.000+0000,005BK00000205bFYAQ,2023-07-03T08:20:14.000+0000,005BK00000205bFYAQ,2023-07-03T08:20:14.000+0000,,,,2023-07-03T08:20:14.000+0000,2023-07-03T08:20:14.000+0000,,,,/services/images/photo/003BK000004PSQeYAO,,,Pending,
003BK000004PSQfYAO,,,001BK000009rsfkYAA,鈴木,幸恵,,鈴木 幸恵,,,,,,,,,,丸の内１－２－１,千代田区,東京都,100-8050,JP,,,,"{""city"":""千代田区"",""country"":""JP"",""geocodeAccuracy"":null,""latitude"":null,""longitude"":null,""postalCode"":""100-8050"",""state"":""東京都"",""street"":""丸の内１－２－１""}",03-1234-5054,03-5793-8302,090-1234-4865,03-5793-8302,03-5793-8301,03-5459-8301,,u025@teitoku-homes.example.com,営業部長,,清田　博美,口コミ,1958-03-04,最初は他社製品に非常に興味を持っていたが、現在は弊社製品を気に入っている,005BK00000205bFYAQ,2023-07-03T08:20:14.000+0000,005BK00000205bFYAQ,2023-07-03T08:20:14.000+0000,005BK00000205bFYAQ,2023-07-03T08:20:14.000+0000,,,,2023-07-03T08:20:14.000+0000,2023-07-03T08:20:14.000+0000,,,,/services/images/photo/003BK000004PSQfYAO,,,Pending,
003BK000004PSQgYAO,,,001BK000009rsf6YAA,田保,晃,,田保 晃,,,,,,,,,,東新橋１－５－２,港区,東京都,105-7109,JP,,,,"{""city"":""港区"",""country"":""JP"",""geocodeAccuracy"":null,""latitude"":null,""longitude"":null,""postalCode"":""105-7109"",""state"":""東京都"",""street"":""東新橋１－５－２""}",03-1234-5015,03-5793-8302,090-1234-4865,03-5793-8302,03-5793-8301,03-5459-8301,,u026@ahuman-com.example.com,代表取締役社長,,清田　博美,展示会,1946-10-10,IBM出身で、大胆ではっきりした方。意思決定が早い。,005BK00000205bFYAQ,2023-07-03T08:20:14.000+0000,005BK00000205bFYAQ,2023-07-03T08:20:14.000+0000,005BK00000205bFYAQ,2023-07-03T08:20:14.000+0000,,,,2023-07-03T08:20:14.000+0000,2023-07-03T08:20:14.000+0000,,,,/services/images/photo/003BK000004PSQgYAO,,,Pending,
003BK000004PSQhYAO,,,001BK000009rsedYAA,五野上,みさ子,,五野上 みさ子,,,,,,,,,,守山区中新７-８－５０１,名古屋市,愛知県,108-8405,JP,,,,"{""city"":""名古屋市"",""country"":""JP"",""geocodeAccuracy"":null,""latitude"":null,""longitude"":null,""postalCode"":""108-8405"",""state"":""愛知県"",""street"":""守山区中新７-８－５０１""}",03-1234-5064,03-5793-8302,090-1234-4865,03-5793-8302,03-5793-8301,03-5459-8301,,u027@tanaka-drive.example.com,営業部長,,清田　博美,口コミ,1958-03-04,最初は他社製品に非常に興味を持っていたが、現在は弊社製品を気に入っている,005BK00000205bFYAQ,2023-07-03T08:20:14.000+0000,005BK00000205bFYAQ,2023-07-03T08:20:14.000+0000,005BK00000205bFYAQ,2023-07-03T08:20:14.000+0000,,,,2023-07-03T08:20:14.000+0000,2023-07-03T08:20:14.000+0000,,,,/services/images/photo/003BK000004PSQhYAO,,,Pending,
003BK000004PSQiYAO,,,001BK000009rsf7YAA,丸衛,泰子,,丸衛 泰子,,,,,,,,,,四番町４－２,千代田区,東京都,102-8362,JP,,,,"{""city"":""千代田区"",""country"":""JP"",""geocodeAccuracy"":null,""latitude"":null,""longitude"":null,""postalCode"":""102-8362"",""state"":""東京都"",""street"":""四番町４－２""}",03-1234-5016,03-5793-8302,090-1234-4865,03-5793-8302,03-5793-8301,03-5459-8301,,u028@nishiyama-kosen.example.com,代表取締役社長,,清田　博美,展示会,1946-10-10,IBM出身で、大胆ではっきりした方。意思決定が早い。,005BK00000205bFYAQ,2023-07-03T08:20:14.000+0000,005BK00000205bFYAQ,2023-07-03T08:20:14.000+0000,005BK00000205bFYAQ,2023-07-03T08:20:14.000+0000,,,,2023-07-03T08:20:14.000+0000,2023-07-03T08:20:14.000+0000,,,,/services/images/photo/003BK000004PSQiYAO,,,Pending,
003BK000004PSQjYAO,,,001BK000009rsfdYAA,倉田,百合子,,倉田 百合子,,,,,,,,,,高輪 3-13-1,港区,東京都,108-8612,JP,,,,"{""city"":""港区"",""country"":""JP"",""geocodeAccuracy"":null,""latitude"":null,""longitude"":null,""postalCode"":""108-8612"",""state"":""東京都"",""street"":""高輪 3-13-1""}",03-1234-5047,03-5793-8302,090-1234-4865,03-5793-8302,03-5793-8301,03-5459-8301,,u029@gradprix-hotel.example.com,営業部長,,清田　博美,口コミ,1958-03-04,最初は他社製品に非常に興味を持っていたが、現在は弊社製品を気に入っている,005BK00000205bFYAQ,2023-07-03T08:20:14.000+0000,005BK00000205bFYAQ,2023-07-03T08:20:14.000+0000,005BK00000205bFYAQ,2023-07-03T08:20:14.000+0000,,,,2023-07-03T08:20:14.000+0000,2023-07-03T08:20:14.000+0000,,,,/services/images/photo/003BK000004PSQjYAO,,,Pending,
003BK000004PSQkYAO,,,001BK000009rsfVYAQ,三戸,宣絵,,三戸 宣絵,,,,,,,,,,塩浜２－１２,市川市,千葉県,272-0127,JP,,,,"{""city"":""市川市"",""country"":""JP"",""geocodeAccuracy"":null,""latitude"":null,""longitude"":null,""postalCode"":""272-0127"",""state"":""千葉県"",""street"":""塩浜２－１２""}",03-1234-5039,03-5793-8302,090-1234-4865,03-5793-8302,03-5793-8301,03-5459-8301,,u030@yamaguchi-echo.example.com,営業部長,,清田　博美,口コミ,1958-03-04,最初は他社製品に非常に興味を持っていたが、現在は弊社製品を気に入っている,005BK00000205bFYAQ,2023-07-03T08:20:14.000+0000,005BK00000205bFYAQ,2023-07-03T08:20:14.000+0000,005BK00000205bFYAQ,2023-07-03T08:20:14.000+0000,,,,2023-07-03T08:20:14.000+0000,2023-07-03T08:20:14.000+0000,,,,/services/images/photo/003BK000004PSQkYAO,,,Pending,
003BK000004PSQlYAO,,,001BK000009rsfpYAA,立原,清,,立原 清,,,,,,,,,,霞が関３－７－１,千代田区,東京都,100-0013,JP,,,,"{""city"":""千代田区"",""country"":""JP"",""geocodeAccuracy"":null,""latitude"":null,""longitude"":null,""postalCode"":""100-0013"",""state"":""東京都"",""street"":""霞が関３－７－１""}",03-1234-5059,03-5793-8302,090-1234-4865,03-5793-8302,03-5793-8301,03-5459-8301,,u031@tanisi-tsusho.example.com,営業部長,,清田　博美,口コミ,1958-03-04,最初は他社製品に非常に興味を持っていたが、現在は弊社製品を気に入っている,005BK00000205bFYAQ,2023-07-03T08:20:14.000+0000,005BK00000205bFYAQ,2023-07-03T08:20:14.000+0000,005BK00000205bFYAQ,2023-07-03T08:20:14.000+0000,,,,2023-07-03T08:20:14.000+0000,2023-07-03T08:20:14.000+0000,,,,/services/images/photo/003BK000004PSQlYAO,,,Pending,
003BK000004PSQmYAO,,,001BK000009rsfcYAA,南,大輔,,南 大輔,,,,,,,,,,東五軒町６－２４,新宿区,東京都,162-8710,JP,,,,"{""city"":""新宿区"",""country"":""JP"",""geocodeAccuracy"":null,""latitude"":null,""longitude"":null,""postalCode"":""162-8710"",""state"":""東京都"",""street"":""東五軒町６－２４""}",03-1234-5046,03-5793-8302,090-1234-4865,03-5793-8302,03-5793-8301,03-5459-8301,,u032@tokeido.example.com,営業部長,,清田　博美,口コミ,1958-03-04,最初は他社製品に非常に興味を持っていたが、現在は弊社製品を気に入っている,005BK00000205bFYAQ,2023-07-03T08:20:14.000+0000,005BK00000205bFYAQ,2023-07-03T08:20:14.000+0000,005BK00000205bFYAQ,2023-07-03T08:20:14.000+0000,,,,2023-07-03T08:20:14.000+0000,2023-07-03T08:20:14.000+0000,,,,/services/images/photo/003BK000004PSQmYAO,,,Pending,
003BK000004PSQnYAO,,,001BK000009rsfqYAA,関口,稔之,,関口 稔之,,,,,,,,,,中央区都町２丁目１９－３,千葉市,千葉県,107-0052,JP,,,,"{""city"":""千葉市"",""country"":""JP"",""geocodeAccuracy"":null,""latitude"":null,""longitude"":null,""postalCode"":""107-0052"",""state"":""千葉県"",""street"":""中央区都町２丁目１９－３""}",03-1234-5060,03-5793-8302,090-1234-4865,03-5793-8302,03-5793-8301,03-5459-8301,,u033@kimurada-zemi.example.com,営業部長,,清田　博美,口コミ,1958-03-04,最初は他社製品に非常に興味を持っていたが、現在は弊社製品を気に入っている,005BK00000205bFYAQ,2023-07-03T08:20:14.000+0000,005BK00000205bFYAQ,2023-07-03T08:20:14.000+0000,005BK00000205bFYAQ,2023-07-03T08:20:14.000+0000,,,,2023-07-03T08:20:14.000+0000,2023-07-03T08:20:14.000+0000,,,,/services/images/photo/003BK000004PSQnYAO,,,Pending,
003BK000004PSQoYAO,,,001BK000009rsfrYAA,近藤,優,,近藤 優,,,,,,,,,,日本橋室町２－３－１４,中央区,東京都,103-8315,JP,,,,"{""city"":""中央区"",""country"":""JP"",""geocodeAccuracy"":null,""latitude"":null,""longitude"":null,""postalCode"":""103-8315"",""state"":""東京都"",""street"":""日本橋室町２－３－１４""}",03-1234-5061,03-5793-8302,090-1234-4865,03-5793-8302,03-5793-8301,03-5459-8301,,u034@furuki-sangyo.example.com,営業部長,,清田　博美,口コミ,1958-03-04,最初は他社製品に非常に興味を持っていたが、現在は弊社製品を気に入っている,005BK00000205bFYAQ,2023-07-03T08:20:14.000+0000,005BK00000205bFYAQ,2023-07-03T08:20:14.000+0000,005BK00000205bFYAQ,2023-07-03T08:20:14.000+0000,,,,2023-07-03T08:20:14.000+0000,2023-07-03T08:20:14.000+0000,,,,/services/images/photo/003BK000004PSQoYAO,,,Pending,
003BK000004PSQpYAO,,,001BK000009rsehYAA,大角,朋子,,大角 朋子,,,,,,,,,,日本橋３－６－２,中央区,東京都,103-0027,JP,,,,"{""city"":""中央区"",""country"":""JP"",""geocodeAccuracy"":null,""latitude"":null,""longitude"":null,""postalCode"":""103-0027"",""state"":""東京都"",""street"":""日本橋３－６－２""}",03-1234-5068,03-5793-8302,090-1234-4865,03-5793-8302,03-5793-8301,03-5459-8301,,u035@akebono-kizai.example.com,営業部長,,清田　博美,口コミ,1958-03-04,最初は他社製品に非常に興味を持っていたが、現在は弊社製品を気に入っている,005BK00000205bFYAQ,2023-07-03T08:20:14.000+0000,005BK00000205bFYAQ,2023-07-03T08:20:14.000+0000,005BK00000205bFYAQ,2023-07-03T08:20:14.000+0000,,,,2023-07-03T08:20:14.000+0000,2023-07-03T08:20:14.000+0000,,,,/services/images/photo/003BK000004PSQpYAO,,,Pending,
003BK000004PSQqYAO,,,001BK000009rsfoYAA,高田,ゆかり,,高田 ゆかり,,,,,,,,,,北青山２－５－８,港区,東京都,107-8627,JP,,,,"{""city"":""港区"",""country"":""JP"",""geocodeAccuracy"":null,""latitude"":null,""longitude"":null,""postalCode"":""107-8627"",""state"":""東京都"",""street"":""北青山２－５－８""}",03-1234-5058,03-5793-8302,090-1234-4865,03-5793-8302,03-5793-8301,03-5459-8301,,u036@mitani-plastic.example.com,営業部長,,清田　博美,口コミ,1958-03-04,最初は他社製品に非常に興味を持っていたが、現在は弊社製品を気に入っている,005BK00000205bFYAQ,2023-07-03T08:20:14.000+0000,005BK00000205bFYAQ,2023-07-03T08:20:14.000+0000,005BK00000205bFYAQ,2023-07-03T08:20:14.000+0000,,,,2023-07-03T08:20:14.000+0000,2023-07-03T08:20:14.000+0000,,,,/services/images/photo/003BK000004PSQqYAO,,,Pending,
003BK000004PSQrYAO,,,001BK000009rsepYAA,生長,巧,,生長 巧,,,,,,,,,,大宮区桜木町4-383,さいたま市,埼玉県,330-0854,JP,,,,"{""city"":""さいたま市"",""country"":""JP"",""geocodeAccuracy"":null,""latitude"":null,""longitude"":null,""postalCode"":""330-0854"",""state"":""埼玉県"",""street"":""大宮区桜木町4-383""}",03-1234-5076,03-5793-8302,090-1234-4865,03-5793-8302,03-5793-8301,03-5459-8301,,u037@sada-kogyo.example.com,代表取締役社長,,清田　博美,展示会,1946-10-10,IBM出身で、大胆ではっきりした方。意思決定が早い。,005BK00000205bFYAQ,2023-07-03T08:20:14.000+0000,005BK00000205bFYAQ,2023-07-03T08:20:14.000+0000,005BK00000205bFYAQ,2023-07-03T08:20:14.000+0000,,,,2023-07-03T08:20:14.000+0000,2023-07-03T08:20:14.000+0000,,,,/services/images/photo/003BK000004PSQrYAO,,,Pending,
003BK000004PSQsYAO,,,001BK000009rsf7YAA,宇佐美,理恵,,宇佐美 理恵,,,,,,,,,,四番町４－２,千代田区,東京都,102-8362,JP,,,,"{""city"":""千代田区"",""country"":""JP"",""geocodeAccuracy"":null,""latitude"":null,""longitude"":null,""postalCode"":""102-8362"",""state"":""東京都"",""street"":""四番町４－２""}",03-1234-5016,03-5793-8302,090-1234-4865,03-5793-8302,03-5793-8301,03-5459-8301,,u038@nishiyama-kosen.example.com,営業マネージャ,,清田　博美,DM,1966-04-08,営業部のマネージャとして部下からの信頼も厚く、この商談のキーマンではないが、影のキーマンとしてはかなりの決定力を持つ。,005BK00000205bFYAQ,2023-07-03T08:20:14.000+0000,005BK00000205bFYAQ,2023-07-03T08:20:14.000+0000,005BK00000205bFYAQ,2023-07-03T08:20:14.000+0000,,,,2023-07-03T08:20:14.000+0000,2023-07-03T08:20:14.000+0000,,,,/services/images/photo/003BK000004PSQsYAO,,,Pending,
003BK000004PSQtYAO,,,001BK000009rsfiYAA,川村,健,,川村 健,,,,,,,,,,羽田５－１－１３,大田区,東京都,144-8677,JP,,,,"{""city"":""大田区"",""country"":""JP"",""geocodeAccuracy"":null,""latitude"":null,""longitude"":null,""postalCode"":""144-8677"",""state"":""東京都"",""street"":""羽田５－１－１３""}",03-1234-5052,03-5793-8302,090-1234-4865,03-5793-8302,03-5793-8301,03-5459-8301,,u039@nohara-techno.example.com,担当,,清田　博美,Web広告,1976-05-08,弊社製品導入には消極的,005BK00000205bFYAQ,2023-07-03T08:20:14.000+0000,005BK00000205bFYAQ,2023-07-03T08:20:14.000+0000,005BK00000205bFYAQ,2023-07-03T08:20:14.000+0000,,,,2023-07-03T08:20:14.000+0000,2023-07-03T08:20:14.000+0000,,,,/services/images/photo/003BK000004PSQtYAO,,,Pending,
003BK000004PSQuYAO,,,001BK000009rsesYAA,後藤,功太郎,,後藤 功太郎,,,,,,,,,,西新宿６－２４－１,新宿区,東京都,160-8366,JP,,,,"{""city"":""新宿区"",""country"":""JP"",""geocodeAccuracy"":null,""latitude"":null,""longitude"":null,""postalCode"":""160-8366"",""state"":""東京都"",""street"":""西新宿６－２４－１""}",03-1234-5079,03-5793-8302,090-1234-4865,03-5793-8302,03-5793-8301,03-5459-8301,,u040@detroit-ins.example.com,営業マネージャ,,清田　博美,DM,1966-04-08,営業部のマネージャとして部下からの信頼も厚く、この商談のキーマンではないが、影のキーマンとしてはかなりの決定力を持つ。,005BK00000205bFYAQ,2023-07-03T08:20:14.000+0000,005BK00000205bFYAQ,2023-07-03T08:20:14.000+0000,005BK00000205bFYAQ,2023-07-03T08:20:14.000+0000,,,,2023-07-03T08:20:14.000+0000,2023-07-03T08:20:14.000+0000,,,,/services/images/photo/003BK000004PSQuYAO,,,Pending,
003BK000004PSQvYAO,,,001BK000009rseeYAA,黒沼,吉秋,,黒沼 吉秋,,,,,,,,,,西区高島２－６－３２,横浜市,神奈川県,220-0011,JP,,,,"{""city"":""横浜市"",""country"":""JP"",""geocodeAccuracy"":null,""latitude"":null,""longitude"":null,""postalCode"":""220-0011"",""state"":""神奈川県"",""street"":""西区高島２－６－３２""}",03-1234-5065,03-5793-8302,090-1234-4865,03-5793-8302,03-5793-8301,03-5459-8301,,u041@heisei-trader.example.com,営業マネージャ,,清田　博美,DM,1966-04-08,営業部のマネージャとして部下からの信頼も厚く、この商談のキーマンではないが、影のキーマンとしてはかなりの決定力を持つ。,005BK00000205bFYAQ,2023-07-03T08:20:14.000+0000,005BK00000205bFYAQ,2023-07-03T08:20:14.000+0000,005BK00000205bFYAQ,2023-07-03T08:20:14.000+0000,,,,2023-07-03T08:20:14.000+0000,2023-07-03T08:20:14.000+0000,,,,/services/images/photo/003BK000004PSQvYAO,,,Pending,
003BK000004PSQwYAO,,,001BK000009rsefYAA,長沢,桂子,,長沢 桂子,,,,,,,,,,神田神保町３－５,千代田区,東京都,101-8423,JP,,,,"{""city"":""千代田区"",""country"":""JP"",""geocodeAccuracy"":null,""latitude"":null,""longitude"":null,""postalCode"":""101-8423"",""state"":""東京都"",""street"":""神田神保町３－５""}",03-1234-5066,03-5793-8302,090-1234-4865,03-5793-8302,03-5793-8301,03-5459-8301,,u042@daiteikoku-shoji.example.com,営業マネージャ,,清田　博美,DM,1966-04-08,営業部のマネージャとして部下からの信頼も厚く、この商談のキーマンではないが、影のキーマンとしてはかなりの決定力を持つ。,005BK00000205bFYAQ,2023-07-03T08:20:14.000+0000,005BK00000205bFYAQ,2023-07-03T08:20:14.000+0000,005BK00000205bFYAQ,2023-07-03T08:20:14.000+0000,,,,2023-07-03T08:20:14.000+0000,2023-07-03T08:20:14.000+0000,,,,/services/images/photo/003BK000004PSQwYAO,,,Pending,
003BK000004PSQxYAO,,,001BK000009rsf9YAA,富士,康子,,富士 康子,,,,,,,,,,西麻布４－１２－２４,港区,東京都,106-8685,JP,,,,"{""city"":""港区"",""country"":""JP"",""geocodeAccuracy"":null,""latitude"":null,""longitude"":null,""postalCode"":""106-8685"",""state"":""東京都"",""street"":""西麻布４－１２－２４""}",03-1234-5018,03-5793-8302,090-1234-4865,03-5793-8302,03-5793-8301,03-5459-8301,,u043@keirin-real-estate.example.com,営業マネージャ,,清田　博美,DM,1966-04-08,営業部のマネージャとして部下からの信頼も厚く、この商談のキーマンではないが、影のキーマンとしてはかなりの決定力を持つ。,005BK00000205bFYAQ,2023-07-03T08:20:14.000+0000,005BK00000205bFYAQ,2023-07-03T08:20:14.000+0000,005BK00000205bFYAQ,2023-07-03T08:20:14.000+0000,,,,2023-07-03T08:20:14.000+0000,2023-07-03T08:20:14.000+0000,,,,/services/images/photo/003BK000004PSQxYAO,,,Pending,
003BK000004PSQyYAO,,,001BK000009rsfAYAQ,清水,伸之,,清水 伸之,,,,,,,,,,京橋１－１０－３,中央区,東京都,104-0031,JP,,,,"{""city"":""中央区"",""country"":""JP"",""geocodeAccuracy"":null,""latitude"":null,""longitude"":null,""postalCode"":""104-0031"",""state"":""東京都"",""street"":""京橋１－１０－３""}",03-1234-5019,03-5793-8302,090-1234-4865,03-5793-8302,03-5793-8301,03-5459-8301,,u044@dainihon-wise.example.com,営業マネージャ,,清田　博美,DM,1966-04-08,営業部のマネージャとして部下からの信頼も厚く、この商談のキーマンではないが、影のキーマンとしてはかなりの決定力を持つ。,005BK00000205bFYAQ,2023-07-03T08:20:14.000+0000,005BK00000205bFYAQ,2023-07-03T08:20:14.000+0000,005BK00000205bFYAQ,2023-07-03T08:20:14.000+0000,,,,2023-07-03T08:20:14.000+0000,2023-07-03T08:20:14.000+0000,,,,/services/images/photo/003BK000004PSQyYAO,,,Pending,
003BK000004PSQzYAO,,,001BK000009rselYAA,迂回,雅樹,,迂回 雅樹,,,,,,,,,,日本橋本石町１－１－６,中央区,東京都,103-0021,JP,,,,"{""city"":""中央区"",""country"":""JP"",""geocodeAccuracy"":null,""latitude"":null,""longitude"":null,""postalCode"":""103-0021"",""state"":""東京都"",""street"":""日本橋本石町１－１－６""}",03-1234-5072,03-5793-8302,090-1234-4865,03-5793-8302,03-5793-8301,03-5459-8301,,u045@akebonobashi-sangyo.example.com,営業部長,,清田　博美,口コミ,1958-03-04,最初は他社製品に非常に興味を持っていたが、現在は弊社製品を気に入っている,005BK00000205bFYAQ,2023-07-03T08:20:14.000+0000,005BK00000205bFYAQ,2023-07-03T08:20:14.000+0000,005BK00000205bFYAQ,2023-07-03T08:20:14.000+0000,,,,2023-07-03T08:20:14.000+0000,2023-07-03T08:20:14.000+0000,,,,/services/images/photo/003BK000004PSQzYAO,,,Pending,
003BK000004PSR0YAO,,,001BK000009rsffYAA,中村,健吾,,中村 健吾,,,,,,,,,,神田須田町２－１３－３,千代田区,東京都,101-8559,JP,,,,"{""city"":""千代田区"",""country"":""JP"",""geocodeAccuracy"":null,""latitude"":null,""longitude"":null,""postalCode"":""101-8559"",""state"":""東京都"",""street"":""神田須田町２－１３－３""}",03-1234-5049,03-5793-8302,090-1234-4865,03-5793-8302,03-5793-8301,03-5459-8301,,u046@kato-yasuda-kinzoku.example.com,営業部長,,清田　博美,口コミ,1958-03-04,最初は他社製品に非常に興味を持っていたが、現在は弊社製品を気に入っている,005BK00000205bFYAQ,2023-07-03T08:20:14.000+0000,005BK00000205bFYAQ,2023-07-03T08:20:14.000+0000,005BK00000205bFYAQ,2023-07-03T08:20:14.000+0000,,,,2023-07-03T08:20:14.000+0000,2023-07-03T08:20:14.000+0000,,,,/services/images/photo/003BK000004PSR0YAO,,,Pending,
003BK000004PSR1YAO,,,001BK000009rserYAA,新田,丈夫,,新田 丈夫,,,,,,,,,,大手町１－２－３,千代田区,東京都,100-0004,JP,,,,"{""city"":""千代田区"",""country"":""JP"",""geocodeAccuracy"":null,""latitude"":null,""longitude"":null,""postalCode"":""100-0004"",""state"":""東京都"",""street"":""大手町１－２－３""}",03-1234-5078,03-5793-8302,090-1234-4865,03-5793-8302,03-5793-8301,03-5459-8301,,u047@esumi-yuso.example.com,担当,,清田　博美,Web広告,1976-05-08,弊社製品導入には消極的,005BK00000205bFYAQ,2023-07-03T08:20:14.000+0000,005BK00000205bFYAQ,2023-07-03T08:20:14.000+0000,005BK00000205bFYAQ,2023-07-03T08:20:14.000+0000,,,,2023-07-03T08:20:14.000+0000,2023-07-03T08:20:14.000+0000,,,,/services/images/photo/003BK000004PSR1YAO,,,Pending,
003BK000004PSR2YAO,,,001BK000009rsfPYAQ,井上,康生,,井上 康生,,,,,,,,,,大手町１－５－１,千代田区,東京都,100-0004,JP,,,,"{""city"":""千代田区"",""country"":""JP"",""geocodeAccuracy"":null,""latitude"":null,""longitude"":null,""postalCode"":""100-0004"",""state"":""東京都"",""street"":""大手町１－５－１""}",03-1234-5033,03-5793-8302,090-1234-4865,03-5793-8302,03-5793-8301,03-5459-8301,,u048@daitokyo-juki.example.com,営業マネージャ,,清田　博美,DM,1966-04-08,営業部のマネージャとして部下からの信頼も厚く、この商談のキーマンではないが、影のキーマンとしてはかなりの決定力を持つ。,005BK00000205bFYAQ,2023-07-03T08:20:14.000+0000,005BK00000205bFYAQ,2023-07-03T08:20:14.000+0000,005BK00000205bFYAQ,2023-07-03T08:20:14.000+0000,,,,2023-07-03T08:20:14.000+0000,2023-07-03T08:20:14.000+0000,,,,/services/images/photo/003BK000004PSR2YAO,,,Pending,
003BK000004PSR3YAO,,,001BK000009rsfFYAQ,新井,しのぶ,,新井 しのぶ,,,,,,,,,,晴海１－８－８,中央区,東京都,104-0053,JP,,,,"{""city"":""中央区"",""country"":""JP"",""geocodeAccuracy"":null,""latitude"":null,""longitude"":null,""postalCode"":""104-0053"",""state"":""東京都"",""street"":""晴海１－８－８""}",03-1234-5023,03-5793-8302,090-1234-4865,03-5793-8302,03-5793-8301,03-5459-8301,,u049@feg.example.com,営業部長,,清田　博美,口コミ,1958-03-04,最初は他社製品に非常に興味を持っていたが、現在は弊社製品を気に入っている,005BK00000205bFYAQ,2023-07-03T08:20:14.000+0000,005BK00000205bFYAQ,2023-07-03T08:20:14.000+0000,005BK00000205bFYAQ,2023-07-03T08:20:14.000+0000,,,,2023-07-03T08:20:14.000+0000,2023-07-03T08:20:14.000+0000,,,,/services/images/photo/003BK000004PSR3YAO,,,Pending,
003BK000004PSR4YAO,,,001BK000009rsfrYAA,笠井,佳香,,笠井 佳香,,,,,,,,,,日本橋室町２－３－１４,中央区,東京都,103-8315,JP,,,,"{""city"":""中央区"",""country"":""JP"",""geocodeAccuracy"":null,""latitude"":null,""longitude"":null,""postalCode"":""103-8315"",""state"":""東京都"",""street"":""日本橋室町２－３－１４""}",03-1234-5061,03-5793-8302,090-1234-4865,03-5793-8302,03-5793-8301,03-5459-8301,,u050@furuki-sangyo.example.com,営業マネージャ,,清田　博美,DM,1966-04-08,営業部のマネージャとして部下からの信頼も厚く、この商談のキーマンではないが、影のキーマンとしてはかなりの決定力を持つ。,005BK00000205bFYAQ,2023-07-03T08:20:14.000+0000,005BK00000205bFYAQ,2023-07-03T08:20:14.000+0000,005BK00000205bFYAQ,2023-07-03T08:20:14.000+0000,,,,2023-07-03T08:20:14.000+0000,2023-07-03T08:20:14.000+0000,,,,/services/images/photo/003BK000004PSR4YAO,,,Pending,
003BK000004PSR5YAO,,,001BK000009rsemYAA,古賀,正一郎,,古賀 正一郎,,,,,,,,,,南蒲田１－１－２５,大田区,東京都,144-8505,JP,,,,"{""city"":""大田区"",""country"":""JP"",""geocodeAccuracy"":null,""latitude"":null,""longitude"":null,""postalCode"":""144-8505"",""state"":""東京都"",""street"":""南蒲田１－１－２５""}",03-1234-5073,03-5793-8302,090-1234-4865,03-5793-8302,03-5793-8301,03-5459-8301,,u051@moe-shokai.example.com,営業部長,,清田　博美,口コミ,1958-03-04,最初は他社製品に非常に興味を持っていたが、現在は弊社製品を気に入っている,005BK00000205bFYAQ,2023-07-03T08:20:14.000+0000,005BK00000205bFYAQ,2023-07-03T08:20:14.000+0000,005BK00000205bFYAQ,2023-07-03T08:20:14.000+0000,,,,2023-07-03T08:20:14.000+0000,2023-07-03T08:20:14.000+0000,,,,/services/images/photo/003BK000004PSR5YAO,,,Pending,
003BK000004PSR6YAO,,,001BK000009rsfBYAQ,小峰,加代子,,小峰 加代子,,,,,,,,,,平河町１－４－３,千代田区,東京都,102-0093,JP,,,,"{""city"":""千代田区"",""country"":""JP"",""geocodeAccuracy"":null,""latitude"":null,""longitude"":null,""postalCode"":""102-0093"",""state"":""東京都"",""street"":""平河町１－４－３""}",03-1234-5020,03-5793-8302,090-1234-4865,03-5793-8302,03-5793-8301,03-5459-8301,,u052@hokujin.example.com,営業マネージャ,,清田　博美,DM,1966-04-08,営業部のマネージャとして部下からの信頼も厚く、この商談のキーマンではないが、影のキーマンとしてはかなりの決定力を持つ。,005BK00000205bFYAQ,2023-07-03T08:20:14.000+0000,005BK00000205bFYAQ,2023-07-03T08:20:14.000+0000,005BK00000205bFYAQ,2023-07-03T08:20:14.000+0000,,,,2023-07-03T08:20:14.000+0000,2023-07-03T08:20:14.000+0000,,,,/services/images/photo/003BK000004PSR6YAO,,,Pending,
003BK000004PSR7YAO,,,001BK000009rsehYAA,奥住,愛,,奥住 愛,,,,,,,,,,日本橋３－６－２,中央区,東京都,103-0027,JP,,,,"{""city"":""中央区"",""country"":""JP"",""geocodeAccuracy"":null,""latitude"":null,""longitude"":null,""postalCode"":""103-0027"",""state"":""東京都"",""street"":""日本橋３－６－２""}",03-1234-5068,03-5793-8302,090-1234-4865,03-5793-8302,03-5793-8301,03-5459-8301,,u053@akebono-kizai.example.com,営業マネージャ,,清田　博美,DM,1966-04-08,営業部のマネージャとして部下からの信頼も厚く、この商談のキーマンではないが、影のキーマンとしてはかなりの決定力を持つ。,005BK00000205bFYAQ,2023-07-03T08:20:14.000+0000,005BK00000205bFYAQ,2023-07-03T08:20:14.000+0000,005BK00000205bFYAQ,2023-07-03T08:20:14.000+0000,,,,2023-07-03T08:20:14.000+0000,2023-07-03T08:20:14.000+0000,,,,/services/images/photo/003BK000004PSR7YAO,,,Pending,
003BK000004PSR8YAO,,,001BK000009rsegYAA,亀本,勝也,,亀本 勝也,,,,,,,,,,八重洲１－４－２２,中央区,東京都,103-8680,JP,,,,"{""city"":""中央区"",""country"":""JP"",""geocodeAccuracy"":null,""latitude"":null,""longitude"":null,""postalCode"":""103-8680"",""state"":""東京都"",""street"":""八重洲１－４－２２""}",03-1234-5067,03-5793-8302,090-1234-4865,03-5793-8302,03-5793-8301,03-5459-8301,,u054@moritanikawa-shokai.example.com,営業マネージャ,,清田　博美,DM,1966-04-08,営業部のマネージャとして部下からの信頼も厚く、この商談のキーマンではないが、影のキーマンとしてはかなりの決定力を持つ。,005BK00000205bFYAQ,2023-07-03T08:20:14.000+0000,005BK00000205bFYAQ,2023-07-03T08:20:14.000+0000,005BK00000205bFYAQ,2023-07-03T08:20:14.000+0000,,,,2023-07-03T08:20:14.000+0000,2023-07-03T08:20:14.000+0000,,,,/services/images/photo/003BK000004PSR8YAO,,,Pending,
003BK000004PSR9YAO,,,001BK000009rsfQYAQ,根元,真由美,,根元 真由美,,,,,,,,,,日本橋富沢町８－８,中央区,東京都,103-0006,JP,,,,"{""city"":""中央区"",""country"":""JP"",""geocodeAccuracy"":null,""latitude"":null,""longitude"":null,""postalCode"":""103-0006"",""state"":""東京都"",""street"":""日本橋富沢町８－８""}",03-1234-5034,03-5793-8302,090-1234-4865,03-5793-8302,03-5793-8301,03-5459-8301,,u055@kitagawa-sangyo.example.com,営業マネージャ,,清田　博美,DM,1966-04-08,営業部のマネージャとして部下からの信頼も厚く、この商談のキーマンではないが、影のキーマンとしてはかなりの決定力を持つ。,005BK00000205bFYAQ,2023-07-03T08:20:14.000+0000,005BK00000205bFYAQ,2023-07-03T08:20:14.000+0000,005BK00000205bFYAQ,2023-07-03T08:20:14.000+0000,,,,2023-07-03T08:20:14.000+0000,2023-07-03T08:20:14.000+0000,,,,/services/images/photo/003BK000004PSR9YAO,,,Pending,
003BK000004PSRAYA4,,,001BK000009rsfAYAQ,川澄,ユミ,,川澄 ユミ,,,,,,,,,,京橋１－１０－３,中央区,東京都,104-0031,JP,,,,"{""city"":""中央区"",""country"":""JP"",""geocodeAccuracy"":null,""latitude"":null,""longitude"":null,""postalCode"":""104-0031"",""state"":""東京都"",""street"":""京橋１－１０－３""}",03-1234-5019,03-5793-8302,090-1234-4865,03-5793-8302,03-5793-8301,03-5459-8301,,u056@dainihon-wise.example.com,営業部長,,清田　博美,口コミ,1958-03-04,最初は他社製品に非常に興味を持っていたが、現在は弊社製品を気に入っている,005BK00000205bFYAQ,2023-07-03T08:20:14.000+0000,005BK00000205bFYAQ,2023-07-03T08:20:14.000+0000,005BK00000205bFYAQ,2023-07-03T08:20:14.000+0000,,,,2023-07-03T08:20:14.000+0000,2023-07-03T08:20:14.000+0000,,,,/services/images/photo/003BK000004PSRAYA4,,,Pending,
003BK000004PSRBYA4,,,001BK000009rsfJYAQ,上山,舜,,上山 舜,,,,,,,,,,日本橋馬喰町1-4-16,中央区,東京都,103-0002,JP,,,,"{""city"":""中央区"",""country"":""JP"",""geocodeAccuracy"":null,""latitude"":null,""longitude"":null,""postalCode"":""103-0002"",""state"":""東京都"",""street"":""日本橋馬喰町1-4-16""}",03-1234-5027,03-5793-8302,090-1234-4865,03-5793-8302,03-5793-8301,03-5459-8301,,u057@esumi-blacks.example.com,営業マネージャ,,清田　博美,DM,1966-04-08,営業部のマネージャとして部下からの信頼も厚く、この商談のキーマンではないが、影のキーマンとしてはかなりの決定力を持つ。,005BK00000205bFYAQ,2023-07-03T08:20:14.000+0000,005BK00000205bFYAQ,2023-07-03T08:20:14.000+0000,005BK00000205bFYAQ,2023-07-03T08:20:14.000+0000,,,,2023-07-03T08:20:14.000+0000,2023-07-03T08:20:14.000+0000,,,,/services/images/photo/003BK000004PSRBYA4,,,Pending,
003BK000004PSRCYA4,,,001BK000009rsf4YAA,深居,尚子,,深居 尚子,,,,,,,,,,芝浦４－１１－２２,港区,東京都,108-8551,JP,,,,"{""city"":""港区"",""country"":""JP"",""geocodeAccuracy"":null,""latitude"":null,""longitude"":null,""postalCode"":""108-8551"",""state"":""東京都"",""street"":""芝浦４－１１－２２""}",03-1234-5013,03-5793-8302,090-1234-4865,03-5793-8302,03-5793-8301,03-5459-8301,,u058@ooki-data.example.com,営業部長,,清田　博美,口コミ,1958-03-04,最初は他社製品に非常に興味を持っていたが、現在は弊社製品を気に入っている,005BK00000205bFYAQ,2023-07-03T08:20:14.000+0000,005BK00000205bFYAQ,2023-07-03T08:20:14.000+0000,005BK00000205bFYAQ,2023-07-03T08:20:14.000+0000,,,,2023-07-03T08:20:14.000+0000,2023-07-03T08:20:14.000+0000,,,,/services/images/photo/003BK000004PSRCYA4,,,Pending,
003BK000004PSRDYA4,,,001BK000009rsfDYAQ,角田,純,,角田 純,,,,,,,,,,内神田２－２－１,千代田区,東京都,101-0047,JP,,,,"{""city"":""千代田区"",""country"":""JP"",""geocodeAccuracy"":null,""latitude"":null,""longitude"":null,""postalCode"":""101-0047"",""state"":""東京都"",""street"":""内神田２－２－１""}",03-1234-5021,03-5793-8302,090-1234-4865,03-5793-8302,03-5793-8301,03-5459-8301,,u059@shinshu-estech.example.com,営業マネージャ,,清田　博美,DM,1966-04-08,営業部のマネージャとして部下からの信頼も厚く、この商談のキーマンではないが、影のキーマンとしてはかなりの決定力を持つ。,005BK00000205bFYAQ,2023-07-03T08:20:14.000+0000,005BK00000205bFYAQ,2023-07-03T08:20:14.000+0000,005BK00000205bFYAQ,2023-07-03T08:20:14.000+0000,,,,2023-07-03T08:20:14.000+0000,2023-07-03T08:20:14.000+0000,,,,/services/images/photo/003BK000004PSRDYA4,,,Pending,
003BK000004PSREYA4,,,001BK000009rsfEYAQ,杉山,敦,,杉山 敦,,,,,,,,,,東陽５－３０－１３,江東区,東京都,135-8373,JP,,,,"{""city"":""江東区"",""country"":""JP"",""geocodeAccuracy"":null,""latitude"":null,""longitude"":null,""postalCode"":""135-8373"",""state"":""東京都"",""street"":""東陽５－３０－１３""}",03-1234-5022,03-5793-8302,090-1234-4865,03-5793-8302,03-5793-8301,03-5459-8301,,u060@cuntry-comm.example.com,営業マネージャ,,清田　博美,DM,1966-04-08,営業部のマネージャとして部下からの信頼も厚く、この商談のキーマンではないが、影のキーマンとしてはかなりの決定力を持つ。,005BK00000205bFYAQ,2023-07-03T08:20:14.000+0000,005BK00000205bFYAQ,2023-07-03T08:20:14.000+0000,005BK00000205bFYAQ,2023-07-03T08:20:14.000+0000,,,,2023-07-03T08:20:14.000+0000,2023-07-03T08:20:14.000+0000,,,,/services/images/photo/003BK000004PSREYA4,,,Pending,
003BK000004PSRFYA4,,,001BK000009rsfLYAQ,植松,伝吉,,植松 伝吉,,,,,,,,,,恵比寿南３－７－４,渋谷区,東京都,150-0022,JP,,,,"{""city"":""渋谷区"",""country"":""JP"",""geocodeAccuracy"":null,""latitude"":null,""longitude"":null,""postalCode"":""150-0022"",""state"":""東京都"",""street"":""恵比寿南３－７－４""}",03-1234-5029,03-5793-8302,090-1234-4865,03-5793-8302,03-5793-8301,03-5459-8301,,u061@marimoto.example.com,営業マネージャ,,清田　博美,DM,1966-04-08,営業部のマネージャとして部下からの信頼も厚く、この商談のキーマンではないが、影のキーマンとしてはかなりの決定力を持つ。,005BK00000205bFYAQ,2023-07-03T08:20:14.000+0000,005BK00000205bFYAQ,2023-07-03T08:20:14.000+0000,005BK00000205bFYAQ,2023-07-03T08:20:14.000+0000,,,,2023-07-03T08:20:14.000+0000,2023-07-03T08:20:14.000+0000,,,,/services/images/photo/003BK000004PSRFYA4,,,Pending,
003BK000004PSRGYA4,,,001BK000009rsfmYAA,堺,純代,,堺 純代,,,,,,,,,,月島１－３－４,中央区,東京都,104-0052,JP,,,,"{""city"":""中央区"",""country"":""JP"",""geocodeAccuracy"":null,""latitude"":null,""longitude"":null,""postalCode"":""104-0052"",""state"":""東京都"",""street"":""月島１－３－４""}",03-1234-5056,03-5793-8302,090-1234-4865,03-5793-8302,03-5793-8301,03-5459-8301,,u062@reyon-kurica.example.com,代表取締役社長,,清田　博美,展示会,1946-10-10,IBM出身で、大胆ではっきりした方。意思決定が早い。,005BK00000205bFYAQ,2023-07-03T08:20:14.000+0000,005BK00000205bFYAQ,2023-07-03T08:20:14.000+0000,005BK00000205bFYAQ,2023-07-03T08:20:14.000+0000,,,,2023-07-03T08:20:14.000+0000,2023-07-03T08:20:14.000+0000,,,,/services/images/photo/003BK000004PSRGYA4,,,Pending,
003BK000004PSRHYA4,,,001BK000009rsfIYAQ,猪村,裕介,,猪村 裕介,,,,,,,,,,港南２－１６－２,港区,東京都,108-8220,JP,,,,"{""city"":""港区"",""country"":""JP"",""geocodeAccuracy"":null,""latitude"":null,""longitude"":null,""postalCode"":""108-8220"",""state"":""東京都"",""street"":""港南２－１６－２""}",03-1234-5026,03-5793-8302,090-1234-4865,03-5793-8302,03-5793-8301,03-5459-8301,,u063@kuroto-denki.example.com,営業部長,,清田　博美,口コミ,1958-03-04,最初は他社製品に非常に興味を持っていたが、現在は弊社製品を気に入っている,005BK00000205bFYAQ,2023-07-03T08:20:14.000+0000,005BK00000205bFYAQ,2023-07-03T08:20:14.000+0000,005BK00000205bFYAQ,2023-07-03T08:20:14.000+0000,,,,2023-07-03T08:20:14.000+0000,2023-07-03T08:20:14.000+0000,,,,/services/images/photo/003BK000004PSRHYA4,,,Pending,
003BK000004PSRIYA4,,,001BK000009rsejYAA,高橋,康子,,高橋 康子,,,,,,,,,,銀座５－１２－８,中央区,東京都,104-0061,JP,,,,"{""city"":""中央区"",""country"":""JP"",""geocodeAccuracy"":null,""latitude"":null,""longitude"":null,""postalCode"":""104-0061"",""state"":""東京都"",""street"":""銀座５－１２－８""}",03-1234-5070,03-5793-8302,090-1234-4865,03-5793-8302,03-5793-8301,03-5459-8301,,u064@daitokyo-engineering.example.com,営業マネージャ,,清田　博美,DM,1966-04-08,営業部のマネージャとして部下からの信頼も厚く、この商談のキーマンではないが、影のキーマンとしてはかなりの決定力を持つ。,005BK00000205bFYAQ,2023-07-03T08:20:14.000+0000,005BK00000205bFYAQ,2023-07-03T08:20:14.000+0000,005BK00000205bFYAQ,2023-07-03T08:20:14.000+0000,,,,2023-07-03T08:20:14.000+0000,2023-07-03T08:20:14.000+0000,,,,/services/images/photo/003BK000004PSRIYA4,,,Pending,
003BK000004PSRJYA4,,,001BK000009rsfBYAQ,森安,美和子,,森安 美和子,,,,,,,,,,平河町１－４－３,千代田区,東京都,102-0093,JP,,,,"{""city"":""千代田区"",""country"":""JP"",""geocodeAccuracy"":null,""latitude"":null,""longitude"":null,""postalCode"":""102-0093"",""state"":""東京都"",""street"":""平河町１－４－３""}",03-1234-5020,03-5793-8302,090-1234-4865,03-5793-8302,03-5793-8301,03-5459-8301,,u065@hokujin.example.com,営業部長,,清田　博美,口コミ,1958-03-04,最初は他社製品に非常に興味を持っていたが、現在は弊社製品を気に入っている,005BK00000205bFYAQ,2023-07-03T08:20:14.000+0000,005BK00000205bFYAQ,2023-07-03T08:20:14.000+0000,005BK00000205bFYAQ,2023-07-03T08:20:14.000+0000,,,,2023-07-03T08:20:14.000+0000,2023-07-03T08:20:14.000+0000,,,,/services/images/photo/003BK000004PSRJYA4,,,Pending,
003BK000004PSRKYA4,,,001BK000009rsfGYAQ,武藤,真成,,武藤 真成,,,,,,,,,,新生町２－１０－１,銚子市,千葉県,288-0056,JP,,,,"{""city"":""銚子市"",""country"":""JP"",""geocodeAccuracy"":null,""latitude"":null,""longitude"":null,""postalCode"":""288-0056"",""state"":""千葉県"",""street"":""新生町２－１０－１""}",03-1234-5024,03-5793-8302,090-1234-4865,03-5793-8302,03-5793-8301,03-5459-8301,,u066@amular-holdings.example.com,営業部長,,清田　博美,口コミ,1958-03-04,最初は他社製品に非常に興味を持っていたが、現在は弊社製品を気に入っている,005BK00000205bFYAQ,2023-07-03T08:20:14.000+0000,005BK00000205bFYAQ,2023-07-03T08:20:14.000+0000,005BK00000205bFYAQ,2023-07-03T08:20:14.000+0000,,,,2023-07-03T08:20:14.000+0000,2023-07-03T08:20:14.000+0000,,,,/services/images/photo/003BK000004PSRKYA4,,,Pending,
003BK000004PSRLYA4,,,001BK000009rsfgYAA,白崎,初幸,,白崎 初幸,,,,,,,,,,西五反田1-31-1,品川区,東京都,141-0031,JP,,,,"{""city"":""品川区"",""country"":""JP"",""geocodeAccuracy"":null,""latitude"":null,""longitude"":null,""postalCode"":""141-0031"",""state"":""東京都"",""street"":""西五反田1-31-1""}",03-1234-5050,03-5793-8302,090-1234-4865,03-5793-8302,03-5793-8301,03-5459-8301,,u067@heisei-arc.example.com,営業マネージャ,,清田　博美,DM,1966-04-08,営業部のマネージャとして部下からの信頼も厚く、この商談のキーマンではないが、影のキーマンとしてはかなりの決定力を持つ。,005BK00000205bFYAQ,2023-07-03T08:20:14.000+0000,005BK00000205bFYAQ,2023-07-03T08:20:14.000+0000,005BK00000205bFYAQ,2023-07-03T08:20:14.000+0000,,,,2023-07-03T08:20:14.000+0000,2023-07-03T08:20:14.000+0000,,,,/services/images/photo/003BK000004PSRLYA4,,,Pending,
003BK000004PSRMYA4,,,001BK000009rsfOYAQ,岩崎,雅之,,岩崎 雅之,,,,,,,,,,中央区心斎橋筋１丁目３－３,大阪市,大阪府,102-0094,JP,,,,"{""city"":""大阪市"",""country"":""JP"",""geocodeAccuracy"":null,""latitude"":null,""longitude"":null,""postalCode"":""102-0094"",""state"":""大阪府"",""street"":""中央区心斎橋筋１丁目３－３""}",03-1234-5032,03-5793-8302,090-1234-4865,03-5793-8302,03-5793-8301,03-5459-8301,,u068@moon-kenzai.example.com,代表取締役社長,,清田　博美,展示会,1946-10-10,IBM出身で、大胆ではっきりした方。意思決定が早い。,005BK00000205bFYAQ,2023-07-03T08:20:14.000+0000,005BK00000205bFYAQ,2023-07-03T08:20:14.000+0000,005BK00000205bFYAQ,2023-07-03T08:20:14.000+0000,,,,2023-07-03T08:20:14.000+0000,2023-07-03T08:20:14.000+0000,,,,/services/images/photo/003BK000004PSRMYA4,,,Pending,
003BK000004PSRNYA4,,,001BK000009rsfSYAQ,佐々木,由丈,,佐々木 由丈,,,,,,,,,,新宿１－１－１１,新宿区,東京都,160-0022,JP,,,,"{""city"":""新宿区"",""country"":""JP"",""geocodeAccuracy"":null,""latitude"":null,""longitude"":null,""postalCode"":""160-0022"",""state"":""東京都"",""street"":""新宿１－１－１１""}",03-1234-5036,03-5793-8302,090-1234-4865,03-5793-8302,03-5793-8301,03-5459-8301,,u069@nodanaka-sangyo.example.com,代表取締役社長,,清田　博美,展示会,1946-10-10,IBM出身で、大胆ではっきりした方。意思決定が早い。,005BK00000205bFYAQ,2023-07-03T08:20:14.000+0000,005BK00000205bFYAQ,2023-07-03T08:20:14.000+0000,005BK00000205bFYAQ,2023-07-03T08:20:14.000+0000,,,,2023-07-03T08:20:14.000+0000,2023-07-03T08:20:14.000+0000,,,,/services/images/photo/003BK000004PSRNYA4,,,Pending,
003BK000004PSROYA4,,,001BK000009rseqYAA,杉原,薫,,杉原 薫,,,,,,,,,,中央1丁目12-36,甲府市,山梨県,400-0032,JP,,,,"{""city"":""甲府市"",""country"":""JP"",""geocodeAccuracy"":null,""latitude"":null,""longitude"":null,""postalCode"":""400-0032"",""state"":""山梨県"",""street"":""中央1丁目12-36""}",03-1234-5077,03-5793-8302,090-1234-4865,03-5793-8302,03-5793-8301,03-5459-8301,,u070@yotsukawa-shokai.example.com,代表取締役社長,,清田　博美,展示会,1946-10-10,IBM出身で、大胆ではっきりした方。意思決定が早い。,005BK00000205bFYAQ,2023-07-03T08:20:14.000+0000,005BK00000205bFYAQ,2023-07-03T08:20:14.000+0000,005BK00000205bFYAQ,2023-07-03T08:20:14.000+0000,,,,2023-07-03T08:20:14.000+0000,2023-07-03T08:20:14.000+0000,,,,/services/images/photo/003BK000004PSROYA4,,,Pending,
003BK000004PSRPYA4,,,001BK000009rsekYAA,関川,宏,,関川 宏,,,,,,,,,,内原1丁目197,大垣市,岐阜県,503-0936,JP,,,,"{""city"":""大垣市"",""country"":""JP"",""geocodeAccuracy"":null,""latitude"":null,""longitude"":null,""postalCode"":""503-0936"",""state"":""岐阜県"",""street"":""内原1丁目197""}",03-1234-5071,03-5793-8302,090-1234-4865,03-5793-8302,03-5793-8301,03-5459-8301,,u071@ibin-sangyo.example.com,技術部長,,清田　博美,セミナー,1952-03-02,大手コンピュータメーカーから転職。 経営に活用できるIT基盤づくりが主要課題。,005BK00000205bFYAQ,2023-07-03T08:20:14.000+0000,005BK00000205bFYAQ,2023-07-03T08:20:14.000+0000,005BK00000205bFYAQ,2023-07-03T08:20:14.000+0000,,,,2023-07-03T08:20:14.000+0000,2023-07-03T08:20:14.000+0000,,,,/services/images/photo/003BK000004PSRPYA4,,,Pending,
003BK000004PSRQYA4,,,001BK000009rsekYAA,沢田,敦,,沢田 敦,,,,,,,,,,内原1丁目197,大垣市,岐阜県,503-0936,JP,,,,"{""city"":""大垣市"",""country"":""JP"",""geocodeAccuracy"":null,""latitude"":null,""longitude"":null,""postalCode"":""503-0936"",""state"":""岐阜県"",""street"":""内原1丁目197""}",03-1234-5071,03-5793-8302,090-1234-4865,03-5793-8302,03-5793-8301,03-5459-8301,,u072@ibin-sangyo.example.com,営業部長,,清田　博美,口コミ,1958-03-04,最初は他社製品に非常に興味を持っていたが、現在は弊社製品を気に入っている,005BK00000205bFYAQ,2023-07-03T08:20:14.000+0000,005BK00000205bFYAQ,2023-07-03T08:20:14.000+0000,005BK00000205bFYAQ,2023-07-03T08:20:14.000+0000,,,,2023-07-03T08:20:14.000+0000,2023-07-03T08:20:14.000+0000,,,,/services/images/photo/003BK000004PSRQYA4,,,Pending,
003BK000004PSRRYA4,,,001BK000009rserYAA,田中,明美,,田中 明美,,,,,,,,,,大手町１－２－３,千代田区,東京都,100-0004,JP,,,,"{""city"":""千代田区"",""country"":""JP"",""geocodeAccuracy"":null,""latitude"":null,""longitude"":null,""postalCode"":""100-0004"",""state"":""東京都"",""street"":""大手町１－２－３""}",03-1234-5078,03-5793-8302,090-1234-4865,03-5793-8302,03-5793-8301,03-5459-8301,,u073@esumi-yuso.example.com,代表取締役社長,,清田　博美,展示会,1946-10-10,IBM出身で、大胆ではっきりした方。意思決定が早い。,005BK00000205bFYAQ,2023-07-03T08:20:14.000+0000,005BK00000205bFYAQ,2023-07-03T08:20:14.000+0000,005BK00000205bFYAQ,2023-07-03T08:20:14.000+0000,,,,2023-07-03T08:20:14.000+0000,2023-07-03T08:20:14.000+0000,,,,/services/images/photo/003BK000004PSRRYA4,,,Pending,
003BK000004PSRSYA4,,,001BK000009rsedYAA,古沢,如惟巣,,古沢 如惟巣,,,,,,,,,,守山区中新７-８－５０１,名古屋市,愛知県,108-8405,JP,,,,"{""city"":""名古屋市"",""country"":""JP"",""geocodeAccuracy"":null,""latitude"":null,""longitude"":null,""postalCode"":""108-8405"",""state"":""愛知県"",""street"":""守山区中新７-８－５０１""}",03-1234-5064,03-5793-8302,090-1234-4865,03-5793-8302,03-5793-8301,03-5459-8301,,u074@tanaka-drive.example.com,営業マネージャ,,清田　博美,DM,1966-04-08,営業部のマネージャとして部下からの信頼も厚く、この商談のキーマンではないが、影のキーマンとしてはかなりの決定力を持つ。,005BK00000205bFYAQ,2023-07-03T08:20:14.000+0000,005BK00000205bFYAQ,2023-07-03T08:20:14.000+0000,005BK00000205bFYAQ,2023-07-03T08:20:14.000+0000,,,,2023-07-03T08:20:14.000+0000,2023-07-03T08:20:14.000+0000,,,,/services/images/photo/003BK000004PSRSYA4,,,Pending,
003BK000004PSRTYA4,,,001BK000009rsfUYAQ,高橋,麻美,,高橋 麻美,,,,,,,,,,日本橋室町３－４－４,中央区,東京都,103-0022,JP,,,,"{""city"":""中央区"",""country"":""JP"",""geocodeAccuracy"":null,""latitude"":null,""longitude"":null,""postalCode"":""103-0022"",""state"":""東京都"",""street"":""日本橋室町３－４－４""}",03-1234-5038,03-5793-8302,090-1234-4865,03-5793-8302,03-5793-8301,03-5459-8301,,u075@kyoure-international.example.com,営業部長,,清田　博美,口コミ,1958-03-04,最初は他社製品に非常に興味を持っていたが、現在は弊社製品を気に入っている,005BK00000205bFYAQ,2023-07-03T08:20:14.000+0000,005BK00000205bFYAQ,2023-07-03T08:20:14.000+0000,005BK00000205bFYAQ,2023-07-03T08:20:14.000+0000,,,,2023-07-03T08:20:14.000+0000,2023-07-03T08:20:14.000+0000,,,,/services/images/photo/003BK000004PSRTYA4,,,Pending,
003BK000004PSRUYA4,,,001BK000009rsfTYAQ,川澄,寛悦,,川澄 寛悦,,,,,,,,,,深沢８－１９－２０,世田谷区,東京都,158-0081,JP,,,,"{""city"":""世田谷区"",""country"":""JP"",""geocodeAccuracy"":null,""latitude"":null,""longitude"":null,""postalCode"":""158-0081"",""state"":""東京都"",""street"":""深沢８－１９－２０""}",03-1234-5037,03-5793-8302,090-1234-4865,03-5793-8302,03-5793-8301,03-5459-8301,,u076@tsunashin-denki.example.com,代表取締役社長,,清田　博美,展示会,1946-10-10,IBM出身で、大胆ではっきりした方。意思決定が早い。,005BK00000205bFYAQ,2023-07-03T08:20:14.000+0000,005BK00000205bFYAQ,2023-07-03T08:20:14.000+0000,005BK00000205bFYAQ,2023-07-03T08:20:14.000+0000,,,,2023-07-03T08:20:14.000+0000,2023-07-03T08:20:14.000+0000,,,,/services/images/photo/003BK000004PSRUYA4,,,Pending,
003BK000004PSRVYA4,,,001BK000009rsfbYAA,樋口,咲栄,,樋口 咲栄,,,,,,,,,,本郷３－２６－５,文京区,東京都,113-8456,JP,,,,"{""city"":""文京区"",""country"":""JP"",""geocodeAccuracy"":null,""latitude"":null,""longitude"":null,""postalCode"":""113-8456"",""state"":""東京都"",""street"":""本郷３－２６－５""}",03-1234-5045,03-5793-8302,090-1234-4865,03-5793-8302,03-5793-8301,03-5459-8301,,u077@hatsushiba-medical.example.com,営業マネージャ,,清田　博美,DM,1966-04-08,営業部のマネージャとして部下からの信頼も厚く、この商談のキーマンではないが、影のキーマンとしてはかなりの決定力を持つ。,005BK00000205bFYAQ,2023-07-03T08:20:14.000+0000,005BK00000205bFYAQ,2023-07-03T08:20:14.000+0000,005BK00000205bFYAQ,2023-07-03T08:20:14.000+0000,,,,2023-07-03T08:20:14.000+0000,2023-07-03T08:20:14.000+0000,,,,/services/images/photo/003BK000004PSRVYA4,,,Pending,
003BK000004PSRWYA4,,,001BK000009rseeYAA,上田,里香,,上田 里香,,,,,,,,,,西区高島２－６－３２,横浜市,神奈川県,220-0011,JP,,,,"{""city"":""横浜市"",""country"":""JP"",""geocodeAccuracy"":null,""latitude"":null,""longitude"":null,""postalCode"":""220-0011"",""state"":""神奈川県"",""street"":""西区高島２－６－３２""}",03-1234-5065,03-5793-8302,090-1234-4865,03-5793-8302,03-5793-8301,03-5459-8301,,u078@heisei-trader.example.com,営業部長,,清田　博美,口コミ,1958-03-04,最初は他社製品に非常に興味を持っていたが、現在は弊社製品を気に入っている,005BK00000205bFYAQ,2023-07-03T08:20:14.000+0000,005BK00000205bFYAQ,2023-07-03T08:20:14.000+0000,005BK00000205bFYAQ,2023-07-03T08:20:14.000+0000,,,,2023-07-03T08:20:14.000+0000,2023-07-03T08:20:14.000+0000,,,,/services/images/photo/003BK000004PSRWYA4,,,Pending,
003BK000004PSRXYA4,,,001BK000009rsfKYAQ,平山,幸枝,,平山 幸枝,,,,,,,,,,芝大門１－１２－１５,港区,東京都,105-8585,JP,,,,"{""city"":""港区"",""country"":""JP"",""geocodeAccuracy"":null,""latitude"":null,""longitude"":null,""postalCode"":""105-8585"",""state"":""東京都"",""street"":""芝大門１－１２－１５""}",03-1234-5028,03-5793-8302,090-1234-4865,03-5793-8302,03-5793-8301,03-5459-8301,,u079@nihon-mactron.example.com,営業マネージャ,,清田　博美,DM,1966-04-08,営業部のマネージャとして部下からの信頼も厚く、この商談のキーマンではないが、影のキーマンとしてはかなりの決定力を持つ。,005BK00000205bFYAQ,2023-07-03T08:20:14.000+0000,005BK00000205bFYAQ,2023-07-03T08:20:14.000+0000,005BK00000205bFYAQ,2023-07-03T08:20:14.000+0000,,,,2023-07-03T08:20:14.000+0000,2023-07-03T08:20:14.000+0000,,,,/services/images/photo/003BK000004PSRXYA4,,,Pending,
003BK000004PSRYYA4,,,001BK000009rsf8YAA,堀口,康司,,堀口 康司,,,,,,,,,,西原１－１－１,朝霞市,埼玉県,351-0034,JP,,,,"{""city"":""朝霞市"",""country"":""JP"",""geocodeAccuracy"":null,""latitude"":null,""longitude"":null,""postalCode"":""351-0034"",""state"":""埼玉県"",""street"":""西原１－１－１""}",03-1234-5017,03-5793-8302,090-1234-4865,03-5793-8302,03-5793-8301,03-5459-8301,,u080@azumino.example.com,営業マネージャ,,清田　博美,DM,1966-04-08,営業部のマネージャとして部下からの信頼も厚く、この商談のキーマンではないが、影のキーマンとしてはかなりの決定力を持つ。,005BK00000205bFYAQ,2023-07-03T08:20:14.000+0000,005BK00000205bFYAQ,2023-07-03T08:20:14.000+0000,005BK00000205bFYAQ,2023-07-03T08:20:14.000+0000,,,,2023-07-03T08:20:14.000+0000,2023-07-03T08:20:14.000+0000,,,,/services/images/photo/003BK000004PSRYYA4,,,Pending,
003BK000004PSRZYA4,,,001BK000009rsfMYAQ,久保田,正和,,久保田 正和,,,,,,,,,,川口町２－６５２８－３６,銚子市,千葉県,288-0001,JP,,,,"{""city"":""銚子市"",""country"":""JP"",""geocodeAccuracy"":null,""latitude"":null,""longitude"":null,""postalCode"":""288-0001"",""state"":""千葉県"",""street"":""川口町２－６５２８－３６""}",03-1234-5030,03-5793-8302,090-1234-4865,03-5793-8302,03-5793-8301,03-5459-8301,,u081@fujino.example.com,営業マネージャ,,清田　博美,DM,1966-04-08,営業部のマネージャとして部下からの信頼も厚く、この商談のキーマンではないが、影のキーマンとしてはかなりの決定力を持つ。,005BK00000205bFYAQ,2023-07-03T08:20:14.000+0000,005BK00000205bFYAQ,2023-07-03T08:20:14.000+0000,005BK00000205bFYAQ,2023-07-03T08:20:14.000+0000,,,,2023-07-03T08:20:14.000+0000,2023-07-03T08:20:14.000+0000,,,,/services/images/photo/003BK000004PSRZYA4,,,Pending,
003BK000004PSRaYAO,,,001BK000009rsfKYAQ,名武,陽介,,名武 陽介,,,,,,,,,,芝大門１－１２－１５,港区,東京都,105-8585,JP,,,,"{""city"":""港区"",""country"":""JP"",""geocodeAccuracy"":null,""latitude"":null,""longitude"":null,""postalCode"":""105-8585"",""state"":""東京都"",""street"":""芝大門１－１２－１５""}",03-1234-5028,03-5793-8302,090-1234-4865,03-5793-8302,03-5793-8301,03-5459-8301,,u082@nihon-mactron.example.com,営業部長,,清田　博美,口コミ,1958-03-04,最初は他社製品に非常に興味を持っていたが、現在は弊社製品を気に入っている,005BK00000205bFYAQ,2023-07-03T08:20:14.000+0000,005BK00000205bFYAQ,2023-07-03T08:20:14.000+0000,005BK00000205bFYAQ,2023-07-03T08:20:14.000+0000,,,,2023-07-03T08:20:14.000+0000,2023-07-03T08:20:14.000+0000,,,,/services/images/photo/003BK000004PSRaYAO,,,Pending,
003BK000004PSRbYAO,,,001BK000009rsfhYAA,青木,幸代,,青木 幸代,,,,,,,,,,久が原５－１３－１２,大田区,東京都,146-8580,JP,,,,"{""city"":""大田区"",""country"":""JP"",""geocodeAccuracy"":null,""latitude"":null,""longitude"":null,""postalCode"":""146-8580"",""state"":""東京都"",""street"":""久が原５－１３－１２""}",03-1234-5051,03-5793-8302,090-1234-4865,03-5793-8302,03-5793-8301,03-5459-8301,,u083@murai-seiko.example.com,営業マネージャ,,清田　博美,DM,1966-04-08,営業部のマネージャとして部下からの信頼も厚く、この商談のキーマンではないが、影のキーマンとしてはかなりの決定力を持つ。,005BK00000205bFYAQ,2023-07-03T08:20:14.000+0000,005BK00000205bFYAQ,2023-07-03T08:20:14.000+0000,005BK00000205bFYAQ,2023-07-03T08:20:14.000+0000,,,,2023-07-03T08:20:14.000+0000,2023-07-03T08:20:14.000+0000,,,,/services/images/photo/003BK000004PSRbYAO,,,Pending,
003BK000004PSRcYAO,,,001BK000009rsfNYAQ,青木,陽子,,青木 陽子,,,,,,,,,,東上野５－２－２,台東区,東京都,110-8624,JP,,,,"{""city"":""台東区"",""country"":""JP"",""geocodeAccuracy"":null,""latitude"":null,""longitude"":null,""postalCode"":""110-8624"",""state"":""東京都"",""street"":""東上野５－２－２""}",03-1234-5031,03-5793-8302,090-1234-4865,03-5793-8302,03-5793-8301,03-5459-8301,,u084@higashino-sachi.example.com,担当,,清田　博美,Web広告,1976-05-08,弊社製品導入には消極的,005BK00000205bFYAQ,2023-07-03T08:20:14.000+0000,005BK00000205bFYAQ,2023-07-03T08:20:14.000+0000,005BK00000205bFYAQ,2023-07-03T08:20:14.000+0000,,,,2023-07-03T08:20:14.000+0000,2023-07-03T08:20:14.000+0000,,,,/services/images/photo/003BK000004PSRcYAO,,,Pending,
003BK000004PSRdYAO,,,001BK000009rsfTYAQ,塚田,剛生,,塚田 剛生,,,,,,,,,,深沢８－１９－２０,世田谷区,東京都,158-0081,JP,,,,"{""city"":""世田谷区"",""country"":""JP"",""geocodeAccuracy"":null,""latitude"":null,""longitude"":null,""postalCode"":""158-0081"",""state"":""東京都"",""street"":""深沢８－１９－２０""}",03-1234-5037,03-5793-8302,090-1234-4865,03-5793-8302,03-5793-8301,03-5459-8301,,u085@tsunashin-denki.example.com,担当,,清田　博美,Web広告,1976-05-08,弊社製品導入には消極的,005BK00000205bFYAQ,2023-07-03T08:20:14.000+0000,005BK00000205bFYAQ,2023-07-03T08:20:14.000+0000,005BK00000205bFYAQ,2023-07-03T08:20:14.000+0000,,,,2023-07-03T08:20:14.000+0000,2023-07-03T08:20:14.000+0000,,,,/services/images/photo/003BK000004PSRdYAO,,,Pending,
003BK000004PSReYAO,,,001BK000009rsfaYAA,石井,直美,,石井 直美,,,,,,,,,,大塚３－５－１０,文京区,東京都,112-0012,JP,,,,"{""city"":""文京区"",""country"":""JP"",""geocodeAccuracy"":null,""latitude"":null,""longitude"":null,""postalCode"":""112-0012"",""state"":""東京都"",""street"":""大塚３－５－１０""}",03-1234-5044,03-5793-8302,090-1234-4865,03-5793-8302,03-5793-8301,03-5459-8301,,u086@sumisho-machinecs.example.com,営業マネージャ,,清田　博美,DM,1966-04-08,営業部のマネージャとして部下からの信頼も厚く、この商談のキーマンではないが、影のキーマンとしてはかなりの決定力を持つ。,005BK00000205bFYAQ,2023-07-03T08:20:14.000+0000,005BK00000205bFYAQ,2023-07-03T08:20:14.000+0000,005BK00000205bFYAQ,2023-07-03T08:20:14.000+0000,,,,2023-07-03T08:20:14.000+0000,2023-07-03T08:20:14.000+0000,,,,/services/images/photo/003BK000004PSReYAO,,,Pending,
003BK000004PSRfYAO,,,001BK000009rsf5YAA,高寺,達郎,,高寺 達郎,,,,,,,,,,京橋２－２－８,中央区,東京都,104-8302,JP,,,,"{""city"":""中央区"",""country"":""JP"",""geocodeAccuracy"":null,""latitude"":null,""longitude"":null,""postalCode"":""104-8302"",""state"":""東京都"",""street"":""京橋２－２－８""}",03-1234-5014,03-5793-8302,090-1234-4865,03-5793-8302,03-5793-8301,03-5459-8301,,u087@asahikawa-sec.example.com,営業マネージャ,,清田　博美,DM,1966-04-08,営業部のマネージャとして部下からの信頼も厚く、この商談のキーマンではないが、影のキーマンとしてはかなりの決定力を持つ。,005BK00000205bFYAQ,2023-07-03T08:20:14.000+0000,005BK00000205bFYAQ,2023-07-03T08:20:14.000+0000,005BK00000205bFYAQ,2023-07-03T08:20:14.000+0000,,,,2023-07-03T08:20:14.000+0000,2023-07-03T08:20:14.000+0000,,,,/services/images/photo/003BK000004PSRfYAO,,,Pending,
003BK000004PSRgYAO,,,001BK000009rsfYYAQ,田中,達明,,田中 達明,,,,,,,,,,下大島町410,前橋市,群馬県,379-2152,JP,,,,"{""city"":""前橋市"",""country"":""JP"",""geocodeAccuracy"":null,""latitude"":null,""longitude"":null,""postalCode"":""379-2152"",""state"":""群馬県"",""street"":""下大島町410""}",03-1234-5042,03-5793-8302,090-1234-4865,03-5793-8302,03-5793-8301,03-5459-8301,,u088@takahashihide-fudosan.example.com,営業部長,,清田　博美,口コミ,1958-03-04,最初は他社製品に非常に興味を持っていたが、現在は弊社製品を気に入っている,005BK00000205bFYAQ,2023-07-03T08:20:14.000+0000,005BK00000205bFYAQ,2023-07-03T08:20:14.000+0000,005BK00000205bFYAQ,2023-07-03T08:20:14.000+0000,,,,2023-07-03T08:20:14.000+0000,2023-07-03T08:20:14.000+0000,,,,/services/images/photo/003BK000004PSRgYAO,,,Pending,
003BK000004PSRhYAO,,,001BK000009rsevYAA,橘,大翔,,橘 大翔,,,,,,,,,,,,,,,,,,,03-1234-5002,,,,,,,u130@dragonfarma.example.com,担当,,,,,,005BK00000205bFYAQ,2023-07-03T08:20:14.000+0000,005BK00000205bFYAQ,2023-07-03T08:20:14.000+0000,005BK00000205bFYAQ,2023-07-03T08:20:14.000+0000,,,,2023-07-03T08:20:14.000+0000,2023-07-03T08:20:14.000+0000,,,,/services/images/photo/003BK000004PSRhYAO,,,Pending,
003BK000004PSRiYAO,,,001BK000009rsevYAA,向井,陽平,,向井 陽平,,,,,,,,,,,,,,,,,,,03-1234-5002,,,,,,,u131@dragonfarma.example.com,担当,,,,,,005BK00000205bFYAQ,2023-07-03T08:20:14.000+0000,005BK00000205bFYAQ,2023-07-03T08:20:14.000+0000,005BK00000205bFYAQ,2023-07-03T08:20:14.000+0000,,,,2023-07-03T08:20:14.000+0000,2023-07-03T08:20:14.000+0000,,,,/services/images/photo/003BK000004PSRiYAO,,,Pending,
003BK000004PSRjYAO,,,001BK000009rseuYAA,町川,健太郎,,町川 健太郎,,,,,,,,,,,,,,,,,,,03-1234-5000,,,,,,,u001@hatsushiba-lilac.example.com,代表取締役,,,,,,005BK00000205bFYAQ,2023-07-03T08:20:14.000+0000,005BK00000205bFYAQ,2023-07-03T08:20:14.000+0000,005BK00000205bFYAQ,2023-07-03T08:20:14.000+0000,,,,2023-07-03T08:20:14.000+0000,2023-07-03T08:20:14.000+0000,,,,/services/images/photo/003BK000004PSRjYAO,,,Pending,
003BK000004PSRkYAO,,,001BK000009rseuYAA,木村,新一,,木村 新一,,,,,,,,,,,,,,,,,,,03-1234-5000,,,,,,,u180@hatsushiba-lilac.example.com,営業マネージャー,,,,,,005BK00000205bFYAQ,2023-07-03T08:20:14.000+0000,005BK00000205bFYAQ,2023-07-03T08:20:14.000+0000,005BK00000205bFYAQ,2023-07-03T08:20:14.000+0000,,,,2023-07-03T08:20:14.000+0000,2023-07-03T08:20:14.000+0000,,,,/services/images/photo/003BK000004PSRkYAO,,,Pending,
003BK000004PSRlYAO,,,001BK000009rseuYAA,酒井,拓真,,酒井 拓真,,,,,,,,,,,,,,,,,,,03-1234-5000,,,,,,,u122@hatsushiba-lilac.example.com,担当,,,,,,005BK00000205bFYAQ,2023-07-03T08:20:14.000+0000,005BK00000205bFYAQ,2023-07-03T08:20:14.000+0000,005BK00000205bFYAQ,2023-07-03T08:20:14.000+0000,,,,2023-07-03T08:20:14.000+0000,2023-07-03T08:20:14.000+0000,,,,/services/images/photo/003BK000004PSRlYAO,,,Pending,
003BK000004PSRmYAO,,,001BK000009rseuYAA,内田,妙子,,内田 妙子,,,,,,,,,,,,,,,,,,,03-1234-5000,,,,,,,u300@hatsushiba-lilac.example.com,技術部長,,,,,,005BK00000205bFYAQ,2023-07-03T08:20:14.000+0000,005BK00000205bFYAQ,2023-07-03T08:20:14.000+0000,005BK00000205bFYAQ,2023-07-03T08:20:14.000+0000,,,,2023-07-03T08:20:14.000+0000,2023-07-03T08:20:14.000+0000,,,,/services/images/photo/003BK000004PSRmYAO,,,Pending,
003BK000004PSRnYAO,,,001BK000009rsfiYAA,大類,毅,,大類 毅,,,,,,,,,,羽田５－１－１３,大田区,東京都,144-8677,JP,,,,"{""city"":""大田区"",""country"":""JP"",""geocodeAccuracy"":null,""latitude"":null,""longitude"":null,""postalCode"":""144-8677"",""state"":""東京都"",""street"":""羽田５－１－１３""}",03-1234-5052,03-5793-8302,090-1234-4865,03-5793-8302,03-5793-8301,03-5459-8301,,u097@nohara-techno.example.com,営業部長,,清田　博美,口コミ,1958-03-04,最初は他社製品に非常に興味を持っていたが、現在は弊社製品を気に入っている,005BK00000205bFYAQ,2023-07-03T08:20:14.000+0000,005BK00000205bFYAQ,2023-07-03T08:20:14.000+0000,005BK00000205bFYAQ,2023-07-03T08:20:14.000+0000,,,,2023-07-03T08:20:14.000+0000,2023-07-03T08:20:14.000+0000,,,,/services/images/photo/003BK000004PSRnYAO,,,Pending,
003BK000004PSRoYAO,,,001BK000009rsfiYAA,青木,美紀子,,青木 美紀子,,,,,,,,,,羽田５－１－１３,大田区,東京都,144-8677,JP,,,,"{""city"":""大田区"",""country"":""JP"",""geocodeAccuracy"":null,""latitude"":null,""longitude"":null,""postalCode"":""144-8677"",""state"":""東京都"",""street"":""羽田５－１－１３""}",03-1234-5052,03-5793-8302,090-1234-4865,03-5793-8302,03-5793-8301,03-5459-8301,,u098@nohara-techno.example.com,購買担当,,清田　博美,社員の紹介,1965-07-08,非常に細かい部分までチェックを入れる方,005BK00000205bFYAQ,2023-07-03T08:20:14.000+0000,005BK00000205bFYAQ,2023-07-03T08:20:14.000+0000,005BK00000205bFYAQ,2023-07-03T08:20:14.000+0000,,,,2023-07-03T08:20:14.000+0000,2023-07-03T08:20:14.000+0000,,,,/services/images/photo/003BK000004PSRoYAO,,,Pending,
003BK000004PWwrYAG,,,001BK000009rsfiYAA,石川,一子,,石川 一子,,,,,,,,,,羽田５－１－１３,大田区,東京都,144-8677,JP,,,,"{""city"":""大田区"",""country"":""JP"",""geocodeAccuracy"":null,""latitude"":null,""longitude"":null,""postalCode"":""144-8677"",""state"":""東京都"",""street"":""羽田５－１－１３""}",03-1234-5052,03-5793-8302,090-1234-4865,03-5793-8302,03-5793-8301,03-5459-8301,,u099@nohara-techno.example.com,技術部長,,清田　博美,セミナー,1952-03-02,大手コンピュータメーカーから転職。 経営に活用できるIT基盤づくりが主要課題。,005BK00000205bFYAQ,2023-07-03T08:20:14.000+0000,005BK00000205bFYAQ,2023-07-03T08:20:14.000+0000,005BK00000205bFYAQ,2023-07-03T08:20:14.000+0000,,,,2023-07-03T08:20:14.000+0000,2023-07-03T08:20:14.000+0000,,,,/services/images/photo/003BK000004PWwrYAG,,,Pending,
003BK000004PWwsYAG,,,001BK000009rsf3YAA,崎浦,敏之,,崎浦 敏之,,,,,,,,,,元赤坂１－６－４,港区,東京都,107-0051,JP,,,,"{""city"":""港区"",""country"":""JP"",""geocodeAccuracy"":null,""latitude"":null,""longitude"":null,""postalCode"":""107-0051"",""state"":""東京都"",""street"":""元赤坂１－６－４""}",03-1234-5012,03-5793-8302,090-1234-4865,03-5793-8302,03-5793-8301,03-5459-8301,,u100@teikoku-bussan.example.com,営業マネージャ,,清田　博美,DM,1966-04-08,営業部のマネージャとして部下からの信頼も厚く、この商談のキーマンではないが、影のキーマンとしてはかなりの決定力を持つ。,005BK00000205bFYAQ,2023-07-03T08:20:14.000+0000,005BK00000205bFYAQ,2023-07-03T08:20:14.000+0000,005BK00000205bFYAQ,2023-07-03T08:20:14.000+0000,,,,2023-07-03T08:20:14.000+0000,2023-07-03T08:20:14.000+0000,,,,/services/images/photo/003BK000004PWwsYAG,,,Pending,
003BK000004PWwtYAG,,,001BK000009rseyYAA,福島,達明,,福島 達明,,,,,,,,,,渋谷１－４－１３,渋谷区,東京都,150-0002,JP,,,,"{""city"":""渋谷区"",""country"":""JP"",""geocodeAccuracy"":null,""latitude"":null,""longitude"":null,""postalCode"":""150-0002"",""state"":""東京都"",""street"":""渋谷１－４－１３""}",03-1234-5005,03-5793-8302,090-1234-4865,03-5793-8302,03-5793-8301,03-5459-8301,,u102@nakashima-shoten.example.com,営業マネージャ,,清田　博美,DM,1966-04-08,営業部のマネージャとして部下からの信頼も厚く、この商談のキーマンではないが、影のキーマンとしてはかなりの決定力を持つ。,005BK00000205bFYAQ,2023-07-03T08:20:14.000+0000,005BK00000205bFYAQ,2023-07-03T08:20:14.000+0000,005BK00000205bFYAQ,2023-07-03T08:20:14.000+0000,,,,2023-07-03T08:20:14.000+0000,2023-07-03T08:20:14.000+0000,,,,/services/images/photo/003BK000004PWwtYAG,,,Pending,
003BK000004PWwuYAG,,,001BK000009rseoYAA,山本,駿,,山本 駿,,,,,,,,,,板橋２－６５－８,板橋区,東京都,173-0004,JP,,,,"{""city"":""板橋区"",""country"":""JP"",""geocodeAccuracy"":null,""latitude"":null,""longitude"":null,""postalCode"":""173-0004"",""state"":""東京都"",""street"":""板橋２－６５－８""}",03-1234-5075,03-5793-8302,090-1234-4865,03-5793-8302,03-5793-8301,03-5459-8301,,u103@gekkodo.example.com,購買担当,,清田　博美,社員の紹介,1965-07-08,非常に細かい部分までチェックを入れる方,005BK00000205bFYAQ,2023-07-03T08:20:14.000+0000,005BK00000205bFYAQ,2023-07-03T08:20:14.000+0000,005BK00000205bFYAQ,2023-07-03T08:20:14.000+0000,,,,2023-07-03T08:20:14.000+0000,2023-07-03T08:20:14.000+0000,,,,/services/images/photo/003BK000004PWwuYAG,,,Pending,
003BK000004PWwvYAG,,,001BK000009rseoYAA,伊藤,純子,,伊藤 純子,,,,,,,,,,板橋２－６５－８,板橋区,東京都,173-0004,JP,,,,"{""city"":""板橋区"",""country"":""JP"",""geocodeAccuracy"":null,""latitude"":null,""longitude"":null,""postalCode"":""173-0004"",""state"":""東京都"",""street"":""板橋２－６５－８""}",03-1234-5075,03-5793-8302,090-1234-4865,03-5793-8302,03-5793-8301,03-5459-8301,,u104@gekkodo.example.com,営業マネージャー,,清田　博美,セミナー,1952-03-02,大手コンピュータメーカーから転職。 経営に活用できるIT基盤づくりが主要課題。,005BK00000205bFYAQ,2023-07-03T08:20:14.000+0000,005BK00000205bFYAQ,2023-07-03T08:20:14.000+0000,005BK00000205bFYAQ,2023-07-03T08:20:14.000+0000,,,,2023-07-03T08:20:14.000+0000,2023-07-03T08:20:14.000+0000,,,,/services/images/photo/003BK000004PWwvYAG,,,Pending,
003BK000004PWwwYAG,,,001BK000009rseoYAA,佐々木,愼,,佐々木 愼,,,,,,,,,,板橋２－６５－８,板橋区,東京都,173-0004,JP,,,,"{""city"":""板橋区"",""country"":""JP"",""geocodeAccuracy"":null,""latitude"":null,""longitude"":null,""postalCode"":""173-0004"",""state"":""東京都"",""street"":""板橋２－６５－８""}",03-1234-5075,03-5793-8302,090-1234-4865,03-5793-8302,03-5793-8301,03-5459-8301,,u105@gekkodo.example.com,営業部長,,清田　博美,口コミ,1958-03-04,最初は他社製品に非常に興味を持っていたが、現在は弊社製品を気に入っている,005BK00000205bFYAQ,2023-07-03T08:20:14.000+0000,005BK00000205bFYAQ,2023-07-03T08:20:14.000+0000,005BK00000205bFYAQ,2023-07-03T08:20:14.000+0000,,,,2023-07-03T08:20:14.000+0000,2023-07-03T08:20:14.000+0000,,,,/services/images/photo/003BK000004PWwwYAG,,,Pending,
003BK000004PWwxYAG,,,001BK000009rsepYAA,新井,常雄,,新井 常雄,,,,,,,,,,大宮区桜木町4-383,さいたま市,埼玉県,330-0854,JP,,,,"{""city"":""さいたま市"",""country"":""JP"",""geocodeAccuracy"":null,""latitude"":null,""longitude"":null,""postalCode"":""330-0854"",""state"":""埼玉県"",""street"":""大宮区桜木町4-383""}",03-1234-5076,03-5793-8302,090-1234-4865,03-5793-8302,03-5793-8301,03-5459-8301,,u106@sada-kogyo.example.com,購買担当,,清田　博美,社員の紹介,1965-07-08,非常に細かい部分までチェックを入れる方,005BK00000205bFYAQ,2023-07-03T08:20:14.000+0000,005BK00000205bFYAQ,2023-07-03T08:20:14.000+0000,005BK00000205bFYAQ,2023-07-03T08:20:14.000+0000,,,,2023-07-03T08:20:14.000+0000,2023-07-03T08:20:14.000+0000,,,,/services/images/photo/003BK000004PWwxYAG,,,Pending,
003BK000004PWwyYAG,,,001BK000009rsepYAA,清水,健太郎,,清水 健太郎,,,,,,,,,,大宮区桜木町4-383,さいたま市,埼玉県,330-0854,JP,,,,"{""city"":""さいたま市"",""country"":""JP"",""geocodeAccuracy"":null,""latitude"":null,""longitude"":null,""postalCode"":""330-0854"",""state"":""埼玉県"",""street"":""大宮区桜木町4-383""}",03-1234-5076,03-5793-8302,090-1234-4865,03-5793-8302,03-5793-8301,03-5459-8301,,u107@sada-kogyo.example.com,営業部長,,清田　博美,口コミ,1958-03-04,最初は他社製品に非常に興味を持っていたが、現在は弊社製品を気に入っている,005BK00000205bFYAQ,2023-07-03T08:20:14.000+0000,005BK00000205bFYAQ,2023-07-03T08:20:14.000+0000,005BK00000205bFYAQ,2023-07-03T08:20:14.000+0000,,,,2023-07-03T08:20:14.000+0000,2023-07-03T08:20:14.000+0000,,,,/services/images/photo/003BK000004PWwyYAG,,,Pending,
003BK000004PWwzYAG,,,001BK000009rsf7YAA,俣賀,剣司,,俣賀 剣司,,,,,,,,,,四番町４－２,千代田区,東京都,102-8362,JP,,,,"{""city"":""千代田区"",""country"":""JP"",""geocodeAccuracy"":null,""latitude"":null,""longitude"":null,""postalCode"":""102-8362"",""state"":""東京都"",""street"":""四番町４－２""}",03-1234-5016,03-5793-8302,090-1234-4865,03-5793-8302,03-5793-8301,03-5459-8301,,u108@nishiyama-kosen.example.com,担当,,清田　博美,Web広告,1976-05-08,弊社製品導入には消極的,005BK00000205bFYAQ,2023-07-03T08:20:14.000+0000,005BK00000205bFYAQ,2023-07-03T08:20:14.000+0000,005BK00000205bFYAQ,2023-07-03T08:20:14.000+0000,,,,2023-07-03T08:20:14.000+0000,2023-07-03T08:20:14.000+0000,,,,/services/images/photo/003BK000004PWwzYAG,,,Pending,
003BK000004PWx0YAG,,,001BK000009rsf1YAA,佐藤,美和子,,佐藤 美和子,,,,,,,,,,八丁堀２－９－１,中央区,東京都,104-0032,JP,,,,"{""city"":""中央区"",""country"":""JP"",""geocodeAccuracy"":null,""latitude"":null,""longitude"":null,""postalCode"":""104-0032"",""state"":""東京都"",""street"":""八丁堀２－９－１""}",03-1234-5010,03-5793-8302,090-1234-4865,03-5793-8302,03-5793-8301,03-5459-8301,,u109@heisei-kinzoku.example.com,担当,,清田　博美,Web広告,1976-05-08,弊社製品導入には消極的,005BK00000205bFYAQ,2023-07-03T08:20:14.000+0000,005BK00000205bFYAQ,2023-07-03T08:20:14.000+0000,005BK00000205bFYAQ,2023-07-03T08:20:14.000+0000,,,,2023-07-03T08:20:14.000+0000,2023-07-03T08:20:14.000+0000,,,,/services/images/photo/003BK000004PWx0YAG,,,Pending,
003BK000004PWx1YAG,,,001BK000009rsf2YAA,高野,浩光,,高野 浩光,,,,,,,,,,虎ノ門２－３－１７,港区,東京都,105-0001,JP,,,,"{""city"":""港区"",""country"":""JP"",""geocodeAccuracy"":null,""latitude"":null,""longitude"":null,""postalCode"":""105-0001"",""state"":""東京都"",""street"":""虎ノ門２－３－１７""}",03-1234-5011,03-5793-8302,090-1234-4865,03-5793-8302,03-5793-8301,03-5459-8301,,u110@date-jimukiki.example.com,技術部長,,清田　博美,セミナー,1952-03-02,大手コンピュータメーカーから転職。 経営に活用できるIT基盤づくりが主要課題。,005BK00000205bFYAQ,2023-07-03T08:20:14.000+0000,005BK00000205bFYAQ,2023-07-03T08:20:14.000+0000,005BK00000205bFYAQ,2023-07-03T08:20:14.000+0000,,,,2023-07-03T08:20:14.000+0000,2023-07-03T08:20:14.000+0000,,,,/services/images/photo/003BK000004PWx1YAG,,,Pending,
003BK000004PWx2YAG,,,001BK000009rseqYAA,鈴木,太郎,,鈴木 太郎,,,,,,,,,,中央1丁目12-36,甲府市,山梨県,400-0032,JP,,,,"{""city"":""甲府市"",""country"":""JP"",""geocodeAccuracy"":null,""latitude"":null,""longitude"":null,""postalCode"":""400-0032"",""state"":""山梨県"",""street"":""中央1丁目12-36""}",03-1234-5077,03-5793-8302,090-1234-4865,03-5793-8302,03-5793-8301,03-5459-8301,,u111@yotsukawa-shokai.example.com,営業部長,,清田　博美,口コミ,1958-03-04,最初は他社製品に非常に興味を持っていたが、現在は弊社製品を気に入っている,005BK00000205bFYAQ,2023-07-03T08:20:14.000+0000,005BK00000205bFYAQ,2023-07-03T08:20:14.000+0000,005BK00000205bFYAQ,2023-07-03T08:20:14.000+0000,,,,2023-07-03T08:20:14.000+0000,2023-07-03T08:20:14.000+0000,,,,/services/images/photo/003BK000004PWx2YAG,,,Pending,
003BK000004PWx3YAG,,,001BK000009rseqYAA,渋谷,健一,,渋谷 健一,,,,,,,,,,中央1丁目12-36,甲府市,山梨県,400-0032,JP,,,,"{""city"":""甲府市"",""country"":""JP"",""geocodeAccuracy"":null,""latitude"":null,""longitude"":null,""postalCode"":""400-0032"",""state"":""山梨県"",""street"":""中央1丁目12-36""}",03-1234-5077,03-5793-8302,090-1234-4865,03-5793-8302,03-5793-8301,03-5459-8301,,u112@yotsukawa-shokai.example.com,購買担当,,清田　博美,社員の紹介,1965-07-08,非常に細かい部分までチェックを入れる方,005BK00000205bFYAQ,2023-07-03T08:20:14.000+0000,005BK00000205bFYAQ,2023-07-03T08:20:14.000+0000,005BK00000205bFYAQ,2023-07-03T08:20:14.000+0000,,,,2023-07-03T08:20:14.000+0000,2023-07-03T08:20:14.000+0000,,,,/services/images/photo/003BK000004PWx3YAG,,,Pending,
003BK000004PWx4YAG,,,001BK000009rseqYAA,池上,悠介,,池上 悠介,,,,,,,,,,中央1丁目12-36,甲府市,山梨県,400-0032,JP,,,,"{""city"":""甲府市"",""country"":""JP"",""geocodeAccuracy"":null,""latitude"":null,""longitude"":null,""postalCode"":""400-0032"",""state"":""山梨県"",""street"":""中央1丁目12-36""}",03-1234-5077,03-5793-8302,090-1234-4865,03-5793-8302,03-5793-8301,03-5459-8301,,u113@yotsukawa-shokai.example.com,技術部長,,清田　博美,セミナー,1952-03-02,大手コンピュータメーカーから転職。 経営に活用できるIT基盤づくりが主要課題。,005BK00000205bFYAQ,2023-07-03T08:20:14.000+0000,005BK00000205bFYAQ,2023-07-03T08:20:14.000+0000,005BK00000205bFYAQ,2023-07-03T08:20:14.000+0000,,,,2023-07-03T08:20:14.000+0000,2023-07-03T08:20:14.000+0000,,,,/services/images/photo/003BK000004PWx4YAG,,,Pending,
003BK000004PWx5YAG,,,001BK000009rsekYAA,古賀,悠,,古賀 悠,,,,,,,,,,内原1丁目197,大垣市,岐阜県,503-0936,JP,,,,"{""city"":""大垣市"",""country"":""JP"",""geocodeAccuracy"":null,""latitude"":null,""longitude"":null,""postalCode"":""503-0936"",""state"":""岐阜県"",""street"":""内原1丁目197""}",03-1234-5071,03-5793-8302,090-1234-4865,03-5793-8302,03-5793-8301,03-5459-8301,,u114@ibin-sangyo.example.com,営業マネージャ,,清田　博美,DM,1966-04-08,営業部のマネージャとして部下からの信頼も厚く、この商談のキーマンではないが、影のキーマンとしてはかなりの決定力を持つ。,005BK00000205bFYAQ,2023-07-03T08:20:14.000+0000,005BK00000205bFYAQ,2023-07-03T08:20:14.000+0000,005BK00000205bFYAQ,2023-07-03T08:20:14.000+0000,,,,2023-07-03T08:20:14.000+0000,2023-07-03T08:20:14.000+0000,,,,/services/images/photo/003BK000004PWx5YAG,,,Pending,
003BK000004PWx6YAG,,,001BK000009rserYAA,中尾,博行,,中尾 博行,,,,,,,,,,大手町１－２－３,千代田区,東京都,100-0004,JP,,,,"{""city"":""千代田区"",""country"":""JP"",""geocodeAccuracy"":null,""latitude"":null,""longitude"":null,""postalCode"":""100-0004"",""state"":""東京都"",""street"":""大手町１－２－３""}",03-1234-5078,03-5793-8302,090-1234-4865,03-5793-8302,03-5793-8301,03-5459-8301,,u115@esumi-yuso.example.com,営業部長,,清田　博美,口コミ,1958-03-04,最初は他社製品に非常に興味を持っていたが、現在は弊社製品を気に入っている,005BK00000205bFYAQ,2023-07-03T08:20:14.000+0000,005BK00000205bFYAQ,2023-07-03T08:20:14.000+0000,005BK00000205bFYAQ,2023-07-03T08:20:14.000+0000,,,,2023-07-03T08:20:14.000+0000,2023-07-03T08:20:14.000+0000,,,,/services/images/photo/003BK000004PWx6YAG,,,Pending,
003BK000004PWx7YAG,,,001BK000009rserYAA,秋草,雄二郎,,秋草 雄二郎,,,,,,,,,,大手町１－２－３,千代田区,東京都,100-0004,JP,,,,"{""city"":""千代田区"",""country"":""JP"",""geocodeAccuracy"":null,""latitude"":null,""longitude"":null,""postalCode"":""100-0004"",""state"":""東京都"",""street"":""大手町１－２－３""}",03-1234-5078,03-5793-8302,090-1234-4865,03-5793-8302,03-5793-8301,03-5459-8301,,u116@esumi-yuso.example.com,技術部長,,清田　博美,セミナー,1952-03-02,大手コンピュータメーカーから転職。 経営に活用できるIT基盤づくりが主要課題。,005BK00000205bFYAQ,2023-07-03T08:20:14.000+0000,005BK00000205bFYAQ,2023-07-03T08:20:14.000+0000,005BK00000205bFYAQ,2023-07-03T08:20:14.000+0000,,,,2023-07-03T08:20:14.000+0000,2023-07-03T08:20:14.000+0000,,,,/services/images/photo/003BK000004PWx7YAG,,,Pending,
003BK000004PWx8YAG,,,001BK000009rsezYAA,富田,利憲,,富田 利憲,,,,,,,,,,東中野２－６－１１,中野区,東京都,164-0003,JP,,,,"{""city"":""中野区"",""country"":""JP"",""geocodeAccuracy"":null,""latitude"":null,""longitude"":null,""postalCode"":""164-0003"",""state"":""東京都"",""street"":""東中野２－６－１１""}",03-1234-5006,03-5793-8302,090-1234-4865,03-5793-8302,03-5793-8301,03-5459-8301,,u117@dolphin-jimuki.example.com,営業マネージャ,,清田　博美,DM,1966-04-08,営業部のマネージャとして部下からの信頼も厚く、この商談のキーマンではないが、影のキーマンとしてはかなりの決定力を持つ。,005BK00000205bFYAQ,2023-07-03T08:20:14.000+0000,005BK00000205bFYAQ,2023-07-03T08:20:14.000+0000,005BK00000205bFYAQ,2023-07-03T08:20:14.000+0000,,,,2023-07-03T08:20:14.000+0000,2023-07-03T08:20:14.000+0000,,,,/services/images/photo/003BK000004PWx8YAG,,,Pending,
003BK000004PWx9YAG,,,001BK000009rsfcYAA,藤井,恵子,,藤井 恵子,,,,,,,,,,東五軒町６－２４,新宿区,東京都,162-8710,JP,,,,"{""city"":""新宿区"",""country"":""JP"",""geocodeAccuracy"":null,""latitude"":null,""longitude"":null,""postalCode"":""162-8710"",""state"":""東京都"",""street"":""東五軒町６－２４""}",03-1234-5046,03-5793-8302,090-1234-4865,03-5793-8302,03-5793-8301,03-5459-8301,,u118@tokeido.example.com,営業マネージャ,,清田　博美,DM,1966-04-08,営業部のマネージャとして部下からの信頼も厚く、この商談のキーマンではないが、影のキーマンとしてはかなりの決定力を持つ。,005BK00000205bFYAQ,2023-07-03T08:20:14.000+0000,005BK00000205bFYAQ,2023-07-03T08:20:14.000+0000,005BK00000205bFYAQ,2023-07-03T08:20:14.000+0000,,,,2023-07-03T08:20:14.000+0000,2023-07-03T08:20:14.000+0000,,,,/services/images/photo/003BK000004PWx9YAG,,,Pending,
003BK000004PWxAYAW,,,001BK000009rsf6YAA,石川,桂名,,石川 桂名,,,,,,,,,,東新橋１－５－２,港区,東京都,105-7109,JP,,,,"{""city"":""港区"",""country"":""JP"",""geocodeAccuracy"":null,""latitude"":null,""longitude"":null,""postalCode"":""105-7109"",""state"":""東京都"",""street"":""東新橋１－５－２""}",03-1234-5015,03-5793-8302,090-1234-4865,03-5793-8302,03-5793-8301,03-5459-8301,,u119@ahuman-com.example.com,購買担当,,清田　博美,社員の紹介,1965-07-08,非常に細かい部分までチェックを入れる方,005BK00000205bFYAQ,2023-07-03T08:20:14.000+0000,005BK00000205bFYAQ,2023-07-03T08:20:14.000+0000,005BK00000205bFYAQ,2023-07-03T08:20:14.000+0000,,,,2023-07-03T08:20:14.000+0000,2023-07-03T08:20:14.000+0000,,,,/services/images/photo/003BK000004PWxAYAW,,,Pending,
003BK000004PWxBYAW,,,001BK000009rsf7YAA,北川,剛,,北川 剛,,,,,,,,,,四番町４－２,千代田区,東京都,102-8362,JP,,,,"{""city"":""千代田区"",""country"":""JP"",""geocodeAccuracy"":null,""latitude"":null,""longitude"":null,""postalCode"":""102-8362"",""state"":""東京都"",""street"":""四番町４－２""}",03-1234-5016,03-5793-8302,090-1234-4865,03-5793-8302,03-5793-8301,03-5459-8301,,u120@nishiyama-kosen.example.com,技術部長,,清田　博美,セミナー,1952-03-02,大手コンピュータメーカーから転職。 経営に活用できるIT基盤づくりが主要課題。,005BK00000205bFYAQ,2023-07-03T08:20:14.000+0000,005BK00000205bFYAQ,2023-07-03T08:20:14.000+0000,005BK00000205bFYAQ,2023-07-03T08:20:14.000+0000,,,,2023-07-03T08:20:14.000+0000,2023-07-03T08:20:14.000+0000,,,,/services/images/photo/003BK000004PWxBYAW,,,Pending,
003BK000004PWxCYAW,,,001BK000009rsf1YAA,松井,貴郎,,松井 貴郎,,,,,,,,,,八丁堀２－９－１,中央区,東京都,104-0032,JP,,,,"{""city"":""中央区"",""country"":""JP"",""geocodeAccuracy"":null,""latitude"":null,""longitude"":null,""postalCode"":""104-0032"",""state"":""東京都"",""street"":""八丁堀２－９－１""}",03-1234-5010,03-5793-8302,090-1234-4865,03-5793-8302,03-5793-8301,03-5459-8301,,u121@heisei-kinzoku.example.com,技術部長,,清田　博美,セミナー,1952-03-02,大手コンピュータメーカーから転職。 経営に活用できるIT基盤づくりが主要課題。,005BK00000205bFYAQ,2023-07-03T08:20:14.000+0000,005BK00000205bFYAQ,2023-07-03T08:20:14.000+0000,005BK00000205bFYAQ,2023-07-03T08:20:14.000+0000,,,,2023-07-03T08:20:14.000+0000,2023-07-03T08:20:14.000+0000,,,,/services/images/photo/003BK000004PWxCYAW,,,Pending,
003BK000004PWxDYAW,,,001BK000009rseuYAA,楠瀬,幸子,,楠瀬 幸子,,,,,,,,,,東品川４－３－１,品川区,東京都,140-8640,JP,,,,"{""city"":""品川区"",""country"":""JP"",""geocodeAccuracy"":null,""latitude"":null,""longitude"":null,""postalCode"":""140-8640"",""state"":""東京都"",""street"":""東品川４－３－１""}",03-1234-5000,03-5793-8302,090-1234-4865,03-5793-8302,03-5793-8301,03-5459-8301,,u122@hatsushiba-lilac.example.com,営業部長,,清田　博美,口コミ,1958-03-04,最初は他社製品に非常に興味を持っていたが、現在は弊社製品を気に入っている,005BK00000205bFYAQ,2023-07-03T08:20:14.000+0000,005BK00000205bFYAQ,2023-07-03T08:20:14.000+0000,005BK00000205bFYAQ,2023-07-03T08:20:14.000+0000,,,,2023-07-03T08:20:14.000+0000,2023-07-03T08:20:14.000+0000,,,,/services/images/photo/003BK000004PWxDYAW,,,Pending,
003BK000004PWxEYAW,,,001BK000009rsfOYAQ,丸衛,大介,,丸衛 大介,,,,,,,,,,中央区心斎橋筋１丁目３－３,大阪市,大阪府,102-0094,JP,,,,"{""city"":""大阪市"",""country"":""JP"",""geocodeAccuracy"":null,""latitude"":null,""longitude"":null,""postalCode"":""102-0094"",""state"":""大阪府"",""street"":""中央区心斎橋筋１丁目３－３""}",03-1234-5032,03-5793-8302,090-1234-4865,03-5793-8302,03-5793-8301,03-5459-8301,,u124@moon-kenzai.example.com,営業部長,,清田　博美,口コミ,1958-03-04,最初は他社製品に非常に興味を持っていたが、現在は弊社製品を気に入っている,005BK00000205bFYAQ,2023-07-03T08:20:14.000+0000,005BK00000205bFYAQ,2023-07-03T08:20:14.000+0000,005BK00000205bFYAQ,2023-07-03T08:20:14.000+0000,,,,2023-07-03T08:20:14.000+0000,2023-07-03T08:20:14.000+0000,,,,/services/images/photo/003BK000004PWxEYAW,,,Pending,
003BK000004PWxFYAW,,,001BK000009rsfOYAQ,俣賀,英夫,,俣賀 英夫,,,,,,,,,,中央区心斎橋筋１丁目３－３,大阪市,大阪府,102-0094,JP,,,,"{""city"":""大阪市"",""country"":""JP"",""geocodeAccuracy"":null,""latitude"":null,""longitude"":null,""postalCode"":""102-0094"",""state"":""大阪府"",""street"":""中央区心斎橋筋１丁目３－３""}",03-1234-5032,03-5793-8302,090-1234-4865,03-5793-8302,03-5793-8301,03-5459-8301,,u125@moon-kenzai.example.com,技術部長,,清田　博美,セミナー,1952-03-02,大手コンピュータメーカーから転職。 経営に活用できるIT基盤づくりが主要課題。,005BK00000205bFYAQ,2023-07-03T08:20:14.000+0000,005BK00000205bFYAQ,2023-07-03T08:20:14.000+0000,005BK00000205bFYAQ,2023-07-03T08:20:14.000+0000,,,,2023-07-03T08:20:14.000+0000,2023-07-03T08:20:14.000+0000,,,,/services/images/photo/003BK000004PWxFYAW,,,Pending,
003BK000004PWxGYAW,,,001BK000009rsfSYAQ,高田,敏己,,高田 敏己,,,,,,,,,,新宿１－１－１１,新宿区,東京都,160-0022,JP,,,,"{""city"":""新宿区"",""country"":""JP"",""geocodeAccuracy"":null,""latitude"":null,""longitude"":null,""postalCode"":""160-0022"",""state"":""東京都"",""street"":""新宿１－１－１１""}",03-1234-5036,03-5793-8302,090-1234-4865,03-5793-8302,03-5793-8301,03-5459-8301,,u126@nodanaka-sangyo.example.com,営業部長,,清田　博美,口コミ,1958-03-04,最初は他社製品に非常に興味を持っていたが、現在は弊社製品を気に入っている,005BK00000205bFYAQ,2023-07-03T08:20:14.000+0000,005BK00000205bFYAQ,2023-07-03T08:20:14.000+0000,005BK00000205bFYAQ,2023-07-03T08:20:14.000+0000,,,,2023-07-03T08:20:14.000+0000,2023-07-03T08:20:14.000+0000,,,,/services/images/photo/003BK000004PWxGYAW,,,Pending,
003BK000004PWxHYAW,,,001BK000009rsenYAA,原田,慎吾,,原田 慎吾,,,,,,,,,,内神田２－３－４,千代田区,東京都,101-0047,JP,,,,"{""city"":""千代田区"",""country"":""JP"",""geocodeAccuracy"":null,""latitude"":null,""longitude"":null,""postalCode"":""101-0047"",""state"":""東京都"",""street"":""内神田２－３－４""}",03-1234-5074,03-5793-8302,090-1234-4865,03-5793-8302,03-5793-8301,03-5459-8301,,u127@stainless-center.example.com,営業マネージャ,,清田　博美,DM,1966-04-08,営業部のマネージャとして部下からの信頼も厚く、この商談のキーマンではないが、影のキーマンとしてはかなりの決定力を持つ。,005BK00000205bFYAQ,2023-07-03T08:20:14.000+0000,005BK00000205bFYAQ,2023-07-03T08:20:14.000+0000,005BK00000205bFYAQ,2023-07-03T08:20:14.000+0000,,,,2023-07-03T08:20:14.000+0000,2023-07-03T08:20:14.000+0000,,,,/services/images/photo/003BK000004PWxHYAW,,,Pending,
003BK000004PWxIYAW,,,001BK000009rsevYAA,伊藤,初行,,伊藤 初行,,,,,,,,,,大字南長野県町４５１,長野市,長野県,106-8618,JP,,,,"{""city"":""長野市"",""country"":""JP"",""geocodeAccuracy"":null,""latitude"":null,""longitude"":null,""postalCode"":""106-8618"",""state"":""長野県"",""street"":""大字南長野県町４５１""}",03-1234-5002,03-5793-8302,090-1234-4865,03-5793-8302,03-5793-8301,03-5459-8301,,u128@dragonfarma.example.com,営業部長,,清田　博美,口コミ,1958-03-04,最初は他社製品に非常に興味を持っていたが、現在は弊社製品を気に入っている,005BK00000205bFYAQ,2023-07-03T08:20:14.000+0000,005BK00000205bFYAQ,2023-07-03T08:20:14.000+0000,005BK00000205bFYAQ,2023-07-03T08:20:14.000+0000,,,,2023-07-03T08:20:14.000+0000,2023-07-03T08:20:14.000+0000,,,,/services/images/photo/003BK000004PWxIYAW,,,Pending,
003BK000004PWxJYAW,,,001BK000009rsevYAA,関口,まりこ,,関口 まりこ,,,,,,,,,,大字南長野県町４５１,長野市,長野県,106-8618,JP,,,,"{""city"":""長野市"",""country"":""JP"",""geocodeAccuracy"":null,""latitude"":null,""longitude"":null,""postalCode"":""106-8618"",""state"":""長野県"",""street"":""大字南長野県町４５１""}",03-1234-5002,03-5793-8302,090-1234-4865,03-5793-8302,03-5793-8301,03-5459-8301,,u129@dragonfarma.example.com,営業マネージャ,,清田　博美,DM,1966-04-08,営業部のマネージャとして部下からの信頼も厚く、この商談のキーマンではないが、影のキーマンとしてはかなりの決定力を持つ。,005BK00000205bFYAQ,2023-07-03T08:20:14.000+0000,005BK00000205bFYAQ,2023-07-03T08:20:14.000+0000,005BK00000205bFYAQ,2023-07-03T08:20:14.000+0000,,,,2023-07-03T08:20:14.000+0000,2023-07-03T08:20:14.000+0000,,,,/services/images/photo/003BK000004PWxJYAW,,,Pending,
003BK000004PWxKYAW,,,001BK000009rsfCYAQ,倉田,勉,,倉田 勉,,,,,,,,,,日本橋小網町１４－１,中央区,東京都,103-0016,JP,,,,"{""city"":""中央区"",""country"":""JP"",""geocodeAccuracy"":null,""latitude"":null,""longitude"":null,""postalCode"":""103-0016"",""state"":""東京都"",""street"":""日本橋小網町１４－１""}",03-1234-5055,03-5793-8302,090-1234-4865,03-5793-8302,03-5793-8301,03-5459-8301,,u001@showa-cup.example.com,営業マネージャー,,清田　博美,DM,1966-04-08,営業部のマネージャとして部下からの信頼も厚く、この商談のキーマンではないが、影のキーマンとしてはかなりの決定力を持つ。,005BK00000205bFYAQ,2023-07-03T08:20:14.000+0000,005BK00000205bFYAQ,2023-07-03T08:20:14.000+0000,005BK00000205bFYAQ,2023-07-03T08:20:14.000+0000,,,,2023-07-03T08:20:14.000+0000,2023-07-03T08:20:14.000+0000,,,,/services/images/photo/003BK000004PWxKYAW,,,Pending,
003BK000004PWxLYAW,,,001BK000009rsf0YAA,佐藤,正味,,佐藤 正味,,,,,,,,,,東池袋３－１－１,豊島区,東京都,170-6072,JP,,,,"{""city"":""豊島区"",""country"":""JP"",""geocodeAccuracy"":null,""latitude"":null,""longitude"":null,""postalCode"":""170-6072"",""state"":""東京都"",""street"":""東池袋３－１－１""}",03-1234-5008,03-5793-8302,090-1234-4865,03-5793-8302,03-5793-8301,03-5459-8301,,u130@burg.example.com,営業マネージャ,,清田　博美,DM,1966-04-08,営業部のマネージャとして部下からの信頼も厚く、この商談のキーマンではないが、影のキーマンとしてはかなりの決定力を持つ。,005BK00000205bFYAQ,2023-07-03T08:20:14.000+0000,005BK00000205bFYAQ,2023-07-03T08:20:14.000+0000,005BK00000205bFYAQ,2023-07-03T08:20:14.000+0000,,,,2023-07-03T08:20:14.000+0000,2023-07-03T08:20:14.000+0000,,,,/services/images/photo/003BK000004PWxLYAW,,,Pending,
003BK000004PWxMYAW,,,001BK000009rsf2YAA,佐東,恵子,,佐東 恵子,,,,,,,,,,虎ノ門２－３－１７,港区,東京都,105-0001,JP,,,,"{""city"":""港区"",""country"":""JP"",""geocodeAccuracy"":null,""latitude"":null,""longitude"":null,""postalCode"":""105-0001"",""state"":""東京都"",""street"":""虎ノ門２－３－１７""}",03-1234-5011,03-5793-8302,090-1234-4865,03-5793-8302,03-5793-8301,03-5459-8301,,u131@date-jimukiki.example.com,担当,,清田　博美,Web広告,1976-05-08,弊社製品導入には消極的,005BK00000205bFYAQ,2023-07-03T08:20:14.000+0000,005BK00000205bFYAQ,2023-07-03T08:20:14.000+0000,005BK00000205bFYAQ,2023-07-03T08:20:14.000+0000,,,,2023-07-03T08:20:14.000+0000,2023-07-03T08:20:14.000+0000,,,,/services/images/photo/003BK000004PWxMYAW,,,Pending,
003BK000004PWxNYAW,,,001BK000009rsexYAA,鈴木,宏紀,,鈴木 宏紀,,,,,,,,,,中川４－１３－１７,足立区,東京都,120-0002,JP,,,,"{""city"":""足立区"",""country"":""JP"",""geocodeAccuracy"":null,""latitude"":null,""longitude"":null,""postalCode"":""120-0002"",""state"":""東京都"",""street"":""中川４－１３－１７""}",03-1234-5004,03-5793-8302,090-1234-4865,03-5793-8302,03-5793-8301,03-5459-8301,,u133@heisei-industry.example.com,営業マネージャ,,清田　博美,DM,1966-04-08,営業部のマネージャとして部下からの信頼も厚く、この商談のキーマンではないが、影のキーマンとしてはかなりの決定力を持つ。,005BK00000205bFYAQ,2023-07-03T08:20:14.000+0000,005BK00000205bFYAQ,2023-07-03T08:20:14.000+0000,005BK00000205bFYAQ,2023-07-03T08:20:14.000+0000,,,,2023-07-03T08:20:14.000+0000,2023-07-03T08:20:14.000+0000,,,,/services/images/photo/003BK000004PWxNYAW,,,Pending,
003BK000004PWxOYAW,,,001BK000009rsfmYAA,磯野,亜希,,磯野 亜希,,,,,,,,,,月島１－３－４,中央区,東京都,104-0052,JP,,,,"{""city"":""中央区"",""country"":""JP"",""geocodeAccuracy"":null,""latitude"":null,""longitude"":null,""postalCode"":""104-0052"",""state"":""東京都"",""street"":""月島１－３－４""}",03-1234-5056,03-5793-8302,090-1234-4865,03-5793-8302,03-5793-8301,03-5459-8301,,u135@reyon-kurica.example.com,営業部長,,清田　博美,口コミ,1958-03-04,最初は他社製品に非常に興味を持っていたが、現在は弊社製品を気に入っている,005BK00000205bFYAQ,2023-07-03T08:20:14.000+0000,005BK00000205bFYAQ,2023-07-03T08:20:14.000+0000,005BK00000205bFYAQ,2023-07-03T08:20:14.000+0000,,,,2023-07-03T08:20:14.000+0000,2023-07-03T08:20:14.000+0000,,,,/services/images/photo/003BK000004PWxOYAW,,,Pending,
003BK000004PWxPYAW,,,001BK000009rsfOYAQ,塩沢,昭三,,塩沢 昭三,,,,,,,,,,,,,,JP,,,,"{""city"":null,""country"":""JP"",""geocodeAccuracy"":null,""latitude"":null,""longitude"":null,""postalCode"":null,""state"":null,""street"":null}",03-1234-5032,03-5793-8302,090-1234-4865,03-5793-8302,03-5793-8301,03-5459-8301,,u091@moon-kenzai.example.com,営業マネージャ,,清田　博美,DM,1966-04-08,営業部のマネージャとして部下からの信頼も厚く、この商談のキーマンではないが、影のキーマンとしてはかなりの決定力を持つ。,005BK00000205bFYAQ,2023-07-03T08:20:14.000+0000,005BK00000205bFYAQ,2023-07-03T08:20:14.000+0000,005BK00000205bFYAQ,2023-07-03T08:20:14.000+0000,,,,2023-07-03T08:20:14.000+0000,2023-07-03T08:20:14.000+0000,,,,/services/images/photo/003BK000004PWxPYAW,,,Pending,
003BK000004PWxQYAW,,,001BK000009rsfSYAQ,高村,かおる,,高村 かおる,,,,,,,,,,新宿１－１－１１,新宿区,東京都,160-0022,JP,,,,"{""city"":""新宿区"",""country"":""JP"",""geocodeAccuracy"":null,""latitude"":null,""longitude"":null,""postalCode"":""160-0022"",""state"":""東京都"",""street"":""新宿１－１－１１""}",03-1234-5036,03-5793-8302,090-1234-4865,03-5793-8302,03-5793-8301,03-5459-8301,,u092@nodanaka-sangyo.example.com,営業マネージャ,,清田　博美,DM,1966-04-08,営業部のマネージャとして部下からの信頼も厚く、この商談のキーマンではないが、影のキーマンとしてはかなりの決定力を持つ。,005BK00000205bFYAQ,2023-07-03T08:20:14.000+0000,005BK00000205bFYAQ,2023-07-03T08:20:14.000+0000,005BK00000205bFYAQ,2023-07-03T08:20:14.000+0000,,,,2023-07-03T08:20:14.000+0000,2023-07-03T08:20:14.000+0000,,,,/services/images/photo/003BK000004PWxQYAW,,,Pending,
003BK000004PWxRYAW,,,001BK000009rseoYAA,高田,健二,,高田 健二,,,,,,,,,,板橋２－６５－８,板橋区,東京都,173-0004,JP,,,,"{""city"":""板橋区"",""country"":""JP"",""geocodeAccuracy"":null,""latitude"":null,""longitude"":null,""postalCode"":""173-0004"",""state"":""東京都"",""street"":""板橋２－６５－８""}",03-1234-5075,03-5793-8302,090-1234-4865,03-5793-8302,03-5793-8301,03-5459-8301,,u093@gekkodo.example.com,営業マネージャ,,清田　博美,DM,1966-04-08,営業部のマネージャとして部下からの信頼も厚く、この商談のキーマンではないが、影のキーマンとしてはかなりの決定力を持つ。,005BK00000205bFYAQ,2023-07-03T08:20:14.000+0000,005BK00000205bFYAQ,2023-07-03T08:20:14.000+0000,005BK00000205bFYAQ,2023-07-03T08:20:14.000+0000,,,,2023-07-03T08:20:14.000+0000,2023-07-03T08:20:14.000+0000,,,,/services/images/photo/003BK000004PWxRYAW,,,Pending,
003BK000004PWxSYAW,,,001BK000009rseqYAA,田中,ほのか,,田中 ほのか,,,,,,,,,,中央1丁目12-36,甲府市,山梨県,400-0032,JP,,,,"{""city"":""甲府市"",""country"":""JP"",""geocodeAccuracy"":null,""latitude"":null,""longitude"":null,""postalCode"":""400-0032"",""state"":""山梨県"",""street"":""中央1丁目12-36""}",03-1234-5077,03-5793-8302,090-1234-4865,03-5793-8302,03-5793-8301,03-5459-8301,,u094@yotsukawa-shokai.example.com,営業マネージャ,,清田　博美,DM,1966-04-08,営業部のマネージャとして部下からの信頼も厚く、この商談のキーマンではないが、影のキーマンとしてはかなりの決定力を持つ。,005BK00000205bFYAQ,2023-07-03T08:20:14.000+0000,005BK00000205bFYAQ,2023-07-03T08:20:14.000+0000,005BK00000205bFYAQ,2023-07-03T08:20:14.000+0000,,,,2023-07-03T08:20:14.000+0000,2023-07-03T08:20:14.000+0000,,,,/services/images/photo/003BK000004PWxSYAW,,,Pending,
003BK000004PWxTYAW,,,001BK000009rsekYAA,近藤,雄一朗,,近藤 雄一朗,,,,,,,,,,内原1丁目197,大垣市,岐阜県,503-0936,JP,,,,"{""city"":""大垣市"",""country"":""JP"",""geocodeAccuracy"":null,""latitude"":null,""longitude"":null,""postalCode"":""503-0936"",""state"":""岐阜県"",""street"":""内原1丁目197""}",03-1234-5071,03-5793-8302,090-1234-4865,03-5793-8302,03-5793-8301,03-5459-8301,,u095@ibin-sangyo.example.com,担当,,清田　博美,Web広告,1976-05-08,弊社製品導入には消極的,005BK00000205bFYAQ,2023-07-03T08:20:14.000+0000,005BK00000205bFYAQ,2023-07-03T08:20:14.000+0000,005BK00000205bFYAQ,2023-07-03T08:20:14.000+0000,,,,2023-07-03T08:20:14.000+0000,2023-07-03T08:20:14.000+0000,,,,/services/images/photo/003BK000004PWxTYAW,,,Pending,
003BK000004PWxUYAW,,,001BK000009rsenYAA,久保田,伸孝,,久保田 伸孝,,,,,,,,,,,,,,JP,,,,"{""city"":null,""country"":""JP"",""geocodeAccuracy"":null,""latitude"":null,""longitude"":null,""postalCode"":null,""state"":null,""street"":null}",03-1234-5074,03-5793-8302,090-1234-4865,03-5793-8302,03-5793-8301,03-5459-8301,,u096@stainless-center.example.com,担当,,清田　博美,Web広告,1976-05-08,弊社製品導入には消極的,005BK00000205bFYAQ,2023-07-03T08:20:14.000+0000,005BK00000205bFYAQ,2023-07-03T08:20:14.000+0000,005BK00000205bFYAQ,2023-07-03T08:20:14.000+0000,,,,2023-07-03T08:20:14.000+0000,2023-07-03T08:20:14.000+0000,,,,/services/images/photo/003BK000004PWxUYAW,,,Pending,
003BK000004PWxVYAW,,,001BK000009rseqYAA,長峰,伯享,,長峰 伯享,,,,,,,,,,,,,,JP,,,,"{""city"":null,""country"":""JP"",""geocodeAccuracy"":null,""latitude"":null,""longitude"":null,""postalCode"":null,""state"":null,""street"":null}",03-1234-5077,03-5793-8302,090-1234-4865,03-5793-8302,03-5793-8301,03-5459-8301,,u089@yotsukawa-shokai.example.com,担当,,清田　博美,Web広告,1976-05-08,弊社製品導入には消極的,005BK00000205bFYAQ,2023-07-03T08:20:14.000+0000,005BK00000205bFYAQ,2023-07-03T08:20:14.000+0000,005BK00000205bFYAQ,2023-07-03T08:20:14.000+0000,,,,2023-07-03T08:20:14.000+0000,2023-07-03T08:20:14.000+0000,,,,/services/images/photo/003BK000004PWxVYAW,,,Pending,
003BK000004PWxWYAW,,,001BK000009rsfOYAQ,宇佐美,智朗,,宇佐美 智朗,,,,,,,,,,,,,,JP,,,,"{""city"":null,""country"":""JP"",""geocodeAccuracy"":null,""latitude"":null,""longitude"":null,""postalCode"":null,""state"":null,""street"":null}",03-1234-5032,03-5793-8302,090-1234-4865,03-5793-8302,03-5793-8301,03-5459-8301,,u090@moon-kenzai.example.com,担当,,清田　博美,Web広告,1976-05-08,弊社製品導入には消極的,005BK00000205bFYAQ,2023-07-03T08:20:14.000+0000,005BK00000205bFYAQ,2023-07-03T08:20:14.000+0000,005BK00000205bFYAQ,2023-07-03T08:20:14.000+0000,,,,2023-07-03T08:20:14.000+0000,2023-07-03T08:20:14.000+0000,,,,/services/images/photo/003BK000004PWxWYAW,,,Pending,
